"","lon","lat","group","county"
"1",-117.204246520996,44.306827545166,1,"baker"
"2",-117.490730285645,44.306827545166,1,"baker"
"3",-117.490730285645,44.3870391845703,1,"baker"
"4",-117.536560058594,44.4214210510254,1,"baker"
"5",-117.570945739746,44.4214210510254,1,"baker"
"6",-117.599586486816,44.438606262207,1,"baker"
"7",-117.977737426758,44.438606262207,1,"baker"
"8",-117.983474731445,44.4271469116211,1,"baker"
"9",-118.012115478516,44.4328765869141,1,"baker"
"10",-118.161087036133,44.2781791687012,1,"baker"
"11",-118.201194763184,44.2609901428223,1,"baker"
"12",-118.229835510254,44.2609901428223,1,"baker"
"13",-118.378807067871,44.2609901428223,1,"baker"
"14",-118.481941223145,44.2552604675293,1,"baker"
"15",-118.49340057373,44.2781791687012,1,"baker"
"16",-118.436111450195,44.3698501586914,1,"baker"
"17",-118.40746307373,44.3755836486816,1,"baker"
"18",-118.441833496094,44.4099578857422,1,"baker"
"19",-118.418922424316,44.438606262207,1,"baker"
"20",-118.424644470215,44.4615249633789,1,"baker"
"21",-118.378807067871,44.4615249633789,1,"baker"
"22",-118.373077392578,44.4844436645508,1,"baker"
"23",-118.373077392578,44.5302772521973,1,"baker"
"24",-118.344436645508,44.5646591186523,1,"baker"
"25",-118.321510314941,44.570384979248,1,"baker"
"26",-118.310050964355,44.5990333557129,1,"baker"
"27",-118.36735534668,44.6563301086426,1,"baker"
"28",-118.40746307373,44.6448707580566,1,"baker"
"29",-118.499137878418,44.6620597839355,1,"baker"
"30",-118.510581970215,44.7193565368652,1,"baker"
"31",-118.459030151367,44.7136268615723,1,"baker"
"32",-118.361618041992,44.7537307739258,1,"baker"
"33",-118.327247619629,44.7422752380371,1,"baker"
"34",-118.281402587891,44.7480049133301,1,"baker"
"35",-118.292869567871,44.8053016662598,1,"baker"
"36",-118.315788269043,44.8396759033203,1,"baker"
"37",-118.281402587891,44.8568649291992,1,"baker"
"38",-118.235572814941,44.8740577697754,1,"baker"
"39",-118.235572814941,44.89697265625,1,"baker"
"40",-118.224113464355,44.9370803833008,1,"baker"
"41",-118.247032165527,44.9542694091797,1,"baker"
"42",-118.24129486084,44.9886474609375,1,"baker"
"43",-118.206932067871,45.0115661621094,1,"baker"
"44",-118.143898010254,45.0516700744629,1,"baker"
"45",-118.098052978516,45.0516700744629,1,"baker"
"46",-118.017845153809,45.0058326721191,1,"baker"
"47",-117.95482635498,45.0115661621094,1,"baker"
"48",-117.903259277344,45.040210723877,1,"baker"
"49",-117.874610900879,45.0860481262207,1,"baker"
"50",-117.771476745605,45.0058326721191,1,"baker"
"51",-117.559478759766,45.0001029968262,1,"baker"
"52",-117.553756713867,45.0860481262207,1,"baker"
"53",-117.255813598633,45.0917778015137,1,"baker"
"54",-116.774528503418,45.0860481262207,1,"baker"
"55",-116.791709899902,45.0688591003418,1,"baker"
"56",-116.843284606934,45.023021697998,1,"baker"
"57",-116.849021911621,44.9943771362305,1,"baker"
"58",-116.820358276367,44.9886474609375,1,"baker"
"59",-116.831817626953,44.9485397338867,1,"baker"
"60",-116.85474395752,44.8855133056641,1,"baker"
"61",-116.88338470459,44.8396759033203,1,"baker"
"62",-116.917770385742,44.8167572021484,1,"baker"
"63",-116.94068145752,44.7823829650879,1,"baker"
"64",-116.992248535156,44.770923614502,1,"baker"
"65",-117.038093566895,44.7480049133301,1,"baker"
"66",-117.078201293945,44.6792488098145,1,"baker"
"67",-117.141227722168,44.5531959533691,1,"baker"
"68",-117.204246520996,44.4959030151367,1,"baker"
"69",-117.209983825684,44.438606262207,1,"baker"
"70",-117.232887268066,44.3927688598633,1,"baker"
"71",-117.22144317627,44.3583946228027,1,"baker"
"72",-117.204246520996,44.3354759216309,1,"baker"
"73",-117.204246520996,44.306827545166,1,"baker"
"75",-123.58699798584,44.7136268615723,2,"benton"
"76",-123.157272338867,44.7078971862793,2,"benton"
"77",-123.128623962402,44.6849784851074,2,"benton"
"78",-123.088516235352,44.6677894592285,2,"benton"
"79",-123.077056884766,44.6563301086426,2,"benton"
"80",-123.094253540039,44.6334114074707,2,"benton"
"81",-123.174468994141,44.6104927062988,2,"benton"
"82",-123.19165802002,44.6047668457031,2,"benton"
"83",-123.180191040039,44.5818481445312,2,"benton"
"84",-123.248947143555,44.5646591186523,2,"benton"
"85",-123.237487792969,44.5531959533691,2,"benton"
"86",-123.22029876709,44.5417404174805,2,"benton"
"87",-123.203117370605,44.438606262207,2,"benton"
"88",-123.226036071777,44.4156875610352,2,"benton"
"89",-123.214576721191,44.3985023498535,2,"benton"
"90",-123.237487792969,44.3755836486816,2,"benton"
"91",-123.214576721191,44.3583946228027,2,"benton"
"92",-123.237487792969,44.318286895752,2,"benton"
"93",-123.214576721191,44.306827545166,2,"benton"
"94",-123.203117370605,44.2896385192871,2,"benton"
"95",-123.420837402344,44.2896385192871,2,"benton"
"96",-123.426574707031,44.2724494934082,2,"benton"
"97",-123.741691589355,44.2781791687012,2,"benton"
"98",-123.741691589355,44.306827545166,2,"benton"
"99",-123.770347595215,44.312557220459,2,"benton"
"100",-123.764610290527,44.3297462463379,2,"benton"
"101",-123.707321166992,44.3297462463379,2,"benton"
"102",-123.690124511719,44.3412017822266,2,"benton"
"103",-123.690124511719,44.3698501586914,2,"benton"
"104",-123.707321166992,44.3698501586914,2,"benton"
"105",-123.707321166992,44.4156875610352,2,"benton"
"106",-123.58699798584,44.4214210510254,2,"benton"
"107",-123.58699798584,44.7136268615723,2,"benton"
"109",-122.847877502441,45.2579383850098,3,"clackamas"
"110",-122.853614807129,45.3037757873535,3,"clackamas"
"111",-122.836418151855,45.3037757873535,3,"clackamas"
"112",-122.842155456543,45.3381500244141,3,"clackamas"
"113",-122.796310424805,45.343879699707,3,"clackamas"
"114",-122.790588378906,45.3266944885254,3,"clackamas"
"115",-122.733291625977,45.3266944885254,3,"clackamas"
"116",-122.733291625977,45.4183654785156,3,"clackamas"
"117",-122.658805847168,45.4183654785156,3,"clackamas"
"118",-122.65308380127,45.4470138549805,3,"clackamas"
"119",-122.630157470703,45.4527397155762,3,"clackamas"
"120",-122.022819519043,45.4527397155762,3,"clackamas"
"121",-121.810821533203,45.4527397155762,3,"clackamas"
"122",-121.799362182617,45.4412841796875,3,"clackamas"
"123",-121.764991760254,45.4183654785156,3,"clackamas"
"124",-121.764991760254,45.3954467773438,3,"clackamas"
"125",-121.724884033203,45.3897171020508,3,"clackamas"
"126",-121.696243286133,45.3725280761719,3,"clackamas"
"127",-121.701965332031,45.3266944885254,3,"clackamas"
"128",-121.684776306152,45.3037757873535,3,"clackamas"
"129",-121.650398254395,45.2923126220703,3,"clackamas"
"130",-121.656135559082,45.2751235961914,3,"clackamas"
"131",-121.673316955566,45.2464752197266,3,"clackamas"
"132",-121.656135559082,45.2350196838379,3,"clackamas"
"133",-121.742073059082,45.1834526062012,3,"clackamas"
"134",-121.730606079102,45.1605339050293,3,"clackamas"
"135",-121.701965332031,45.1548042297363,3,"clackamas"
"136",-121.696243286133,45.1261558532715,3,"clackamas"
"137",-121.656135559082,45.1146965026855,3,"clackamas"
"138",-121.650398254395,45.0860481262207,3,"clackamas"
"139",-121.66185760498,45.0631294250488,3,"clackamas"
"140",-121.701965332031,45.0574035644531,3,"clackamas"
"141",-121.724884033203,45.0344848632812,3,"clackamas"
"142",-121.77645111084,45.0344848632812,3,"clackamas"
"143",-121.793640136719,45.0115661621094,3,"clackamas"
"144",-121.77645111084,44.9886474609375,3,"clackamas"
"145",-121.77645111084,44.9428100585938,3,"clackamas"
"146",-121.696243286133,44.891242980957,3,"clackamas"
"147",-121.742073059082,44.8683242797852,3,"clackamas"
"148",-122.383781433105,44.8740577697754,3,"clackamas"
"149",-122.41242980957,44.89697265625,3,"clackamas"
"150",-122.504104614258,44.9198913574219,3,"clackamas"
"151",-122.607238769531,45.0058326721191,3,"clackamas"
"152",-122.77912902832,45.1146965026855,3,"clackamas"
"153",-122.77912902832,45.1318855285645,3,"clackamas"
"154",-122.750480651855,45.217830657959,3,"clackamas"
"155",-122.744743347168,45.2407493591309,3,"clackamas"
"156",-122.77912902832,45.2407493591309,3,"clackamas"
"157",-122.77912902832,45.2579383850098,3,"clackamas"
"158",-122.847877502441,45.2579383850098,3,"clackamas"
"160",-123.369270324707,46.1402893066406,4,"clatsop"
"161",-123.369270324707,46.0944519042969,4,"clatsop"
"162",-123.369270324707,46.0428886413574,4,"clatsop"
"163",-123.357818603516,46.0371589660645,4,"clatsop"
"164",-123.357818603516,45.8480834960938,4,"clatsop"
"165",-123.34635925293,45.7678680419922,4,"clatsop"
"166",-123.466682434082,45.7678680419922,4,"clatsop"
"167",-123.466682434082,45.7621383666992,4,"clatsop"
"168",-123.695861816406,45.7621383666992,4,"clatsop"
"169",-123.707321166992,45.7678680419922,4,"clatsop"
"170",-123.92504119873,45.7621383666992,4,"clatsop"
"171",-123.936500549316,45.8137054443359,4,"clatsop"
"172",-123.919319152832,45.8824615478516,4,"clatsop"
"173",-123.936500549316,45.9225692749023,4,"clatsop"
"174",-123.953681945801,45.9626770019531,4,"clatsop"
"175",-123.907852172852,45.9970512390137,4,"clatsop"
"176",-123.88493347168,46.0371589660645,4,"clatsop"
"177",-123.88493347168,46.0887260437012,4,"clatsop"
"178",-123.907852172852,46.1345596313477,4,"clatsop"
"179",-123.92504119873,46.1803970336914,4,"clatsop"
"180",-123.970886230469,46.2147750854492,4,"clatsop"
"181",-123.947959899902,46.2262344360352,4,"clatsop"
"182",-123.902114868164,46.2205047607422,4,"clatsop"
"183",-123.833366394043,46.1689414978027,4,"clatsop"
"184",-123.770347595215,46.1460227966309,4,"clatsop"
"185",-123.747428894043,46.1517486572266,4,"clatsop"
"186",-123.758888244629,46.1689414978027,4,"clatsop"
"187",-123.79899597168,46.1975860595703,4,"clatsop"
"188",-123.758888244629,46.2033157348633,4,"clatsop"
"189",-123.707321166992,46.2090454101562,4,"clatsop"
"190",-123.67293548584,46.1689414978027,4,"clatsop"
"191",-123.615646362305,46.1689414978027,4,"clatsop"
"192",-123.546890258789,46.1975860595703,4,"clatsop"
"193",-123.512512207031,46.2262344360352,4,"clatsop"
"194",-123.466682434082,46.2262344360352,4,"clatsop"
"195",-123.43229675293,46.2262344360352,4,"clatsop"
"196",-123.426574707031,46.1861267089844,4,"clatsop"
"197",-123.397926330566,46.1689414978027,4,"clatsop"
"198",-123.369270324707,46.1402893066406,4,"clatsop"
"200",-122.77912902832,45.7048416137695,5,"columbia"
"201",-122.910903930664,45.7048416137695,5,"columbia"
"202",-122.910903930664,45.7277603149414,5,"columbia"
"203",-122.968200683594,45.7277603149414,5,"columbia"
"204",-122.973937988281,45.7334899902344,5,"columbia"
"205",-123.01976776123,45.7392234802246,5,"columbia"
"206",-123.025505065918,45.7678680419922,5,"columbia"
"207",-123.34635925293,45.7678680419922,5,"columbia"
"208",-123.357818603516,45.8480834960938,5,"columbia"
"209",-123.357818603516,46.0371589660645,5,"columbia"
"210",-123.369270324707,46.0428886413574,5,"columbia"
"211",-123.369270324707,46.0944519042969,5,"columbia"
"212",-123.369270324707,46.1402893066406,5,"columbia"
"213",-123.329162597656,46.1345596313477,5,"columbia"
"214",-123.27759552002,46.1402893066406,5,"columbia"
"215",-123.237487792969,46.1517486572266,5,"columbia"
"216",-123.22029876709,46.1574783325195,5,"columbia"
"217",-123.174468994141,46.1689414978027,5,"columbia"
"218",-123.117164611816,46.1689414978027,5,"columbia"
"219",-122.996841430664,46.1116409301758,5,"columbia"
"220",-122.910903930664,46.071533203125,5,"columbia"
"221",-122.847877502441,45.9798622131348,5,"columbia"
"222",-122.807769775391,45.934024810791,5,"columbia"
"223",-122.790588378906,45.8767318725586,5,"columbia"
"224",-122.790588378906,45.8423538208008,5,"columbia"
"225",-122.790588378906,45.8194351196289,5,"columbia"
"226",-122.77912902832,45.7907867431641,5,"columbia"
"227",-122.76766204834,45.7678680419922,5,"columbia"
"228",-122.77912902832,45.7334899902344,5,"columbia"
"229",-122.77912902832,45.7048416137695,5,"columbia"
"231",-123.816177368164,42.811408996582,6,"coos"
"232",-123.833366394043,42.7827568054199,6,"coos"
"233",-123.856285095215,42.7827568054199,6,"coos"
"234",-123.936500549316,42.759838104248,6,"coos"
"235",-123.936500549316,42.7369194030762,6,"coos"
"236",-123.959419250488,42.7369194030762,6,"coos"
"237",-124.005256652832,42.6968154907227,6,"coos"
"238",-124.01099395752,42.6796264648438,6,"coos"
"239",-124.119850158691,42.6738967895508,6,"coos"
"240",-124.12557220459,42.6681671142578,6,"coos"
"241",-124.142761230469,42.6681671142578,6,"coos"
"242",-124.142761230469,42.7197341918945,6,"coos"
"243",-124.154220581055,42.7426528930664,6,"coos"
"244",-124.154220581055,42.7827568054199,6,"coos"
"245",-124.177139282227,42.7827568054199,6,"coos"
"246",-124.177139282227,42.817138671875,6,"coos"
"247",-124.148498535156,42.817138671875,6,"coos"
"248",-124.148498535156,42.8572463989258,6,"coos"
"249",-124.165679931641,42.8744316101074,6,"coos"
"250",-124.217247009277,42.8916206359863,6,"coos"
"251",-124.222984313965,42.9317283630371,6,"coos"
"252",-124.257354736328,42.9317283630371,6,"coos"
"253",-124.257354736328,42.960376739502,6,"coos"
"254",-124.446426391602,42.954647064209,6,"coos"
"255",-124.423522949219,42.9947547912598,6,"coos"
"256",-124.394859313965,43.1093444824219,6,"coos"
"257",-124.33757019043,43.269775390625,6,"coos"
"258",-124.354751586914,43.3156089782715,6,"coos"
"259",-124.343307495117,43.3385276794434,6,"coos"
"260",-124.286003112793,43.3786354064941,6,"coos"
"261",-124.217247009277,43.4989547729492,6,"coos"
"262",-124.177139282227,43.6020851135254,6,"coos"
"263",-123.873474121094,43.6020851135254,6,"coos"
"264",-123.867744445801,43.5218734741211,6,"coos"
"265",-123.816177368164,43.5104141235352,6,"coos"
"266",-123.816177368164,43.4302024841309,6,"coos"
"267",-123.764610290527,43.4302024841309,6,"coos"
"268",-123.764610290527,43.2583122253418,6,"coos"
"269",-123.695861816406,43.2525825500488,6,"coos"
"270",-123.707321166992,43.1379928588867,6,"coos"
"271",-123.690124511719,43.1322631835938,6,"coos"
"272",-123.690124511719,43.0978851318359,6,"coos"
"273",-123.758888244629,43.0749664306641,6,"coos"
"274",-123.764610290527,42.9890213012695,6,"coos"
"275",-123.816177368164,42.9832916259766,6,"coos"
"276",-123.816177368164,42.811408996582,6,"coos"
"278",-119.645050048828,43.9573211669922,7,"crook"
"279",-119.76537322998,43.9515914916992,7,"crook"
"280",-119.76537322998,43.6880302429199,7,"crook"
"281",-119.885696411133,43.6880302429199,7,"crook"
"282",-120.246658325195,43.6880302429199,7,"crook"
"283",-120.252380371094,43.7797050476074,7,"crook"
"284",-120.378433227539,43.7797050476074,7,"crook"
"285",-120.384162902832,43.859920501709,7,"crook"
"286",-120.739395141602,43.859920501709,7,"crook"
"287",-120.739395141602,43.9515914916992,7,"crook"
"288",-120.980041503906,43.9573211669922,7,"crook"
"289",-120.980041503906,44.1292114257812,7,"crook"
"290",-121.088897705078,44.134937286377,7,"crook"
"291",-121.088897705078,44.2151527404785,7,"crook"
"292",-121.111824035645,44.2266120910645,7,"crook"
"293",-121.111824035645,44.318286895752,7,"crook"
"294",-121.111824035645,44.3870391845703,7,"crook"
"295",-120.985763549805,44.3927688598633,7,"crook"
"296",-120.985763549805,44.4729843139648,7,"crook"
"297",-120.831069946289,44.4787139892578,7,"crook"
"298",-120.825332641602,44.5531959533691,7,"crook"
"299",-120.372695922852,44.5531959533691,7,"crook"
"300",-120.372695922852,44.4328765869141,7,"crook"
"301",-120.006011962891,44.4328765869141,7,"crook"
"302",-120.006011962891,44.3813133239746,7,"crook"
"303",-119.879959106445,44.3813133239746,7,"crook"
"304",-119.874229431152,44.3010940551758,7,"crook"
"305",-119.650772094727,44.2953681945801,7,"crook"
"306",-119.645050048828,43.9573211669922,7,"crook"
"308",-123.816177368164,42.811408996582,8,"curry"
"309",-123.718780517578,42.7713012695312,8,"curry"
"310",-123.816177368164,42.6567077636719,8,"curry"
"311",-123.816177368164,42.6051406860352,8,"curry"
"312",-123.890670776367,42.496280670166,8,"curry"
"313",-123.993789672852,42.4905471801758,8,"curry"
"314",-123.993789672852,42.4676284790039,8,"curry"
"315",-124.016716003418,42.4447135925293,8,"curry"
"316",-124.01099395752,42.4160652160645,8,"curry"
"317",-124.045356750488,42.3988761901855,8,"curry"
"318",-124.045356750488,42.358772277832,8,"curry"
"319",-123.867744445801,42.3415832519531,8,"curry"
"320",-123.827644348145,42.3129348754883,8,"curry"
"321",-123.816177368164,42.2499084472656,8,"curry"
"322",-123.793258666992,42.2269897460938,8,"curry"
"323",-123.810455322266,42.2098007202148,8,"curry"
"324",-123.816177368164,42.1639633178711,8,"curry"
"325",-123.850563049316,42.1525039672852,8,"curry"
"326",-123.850563049316,42.1238555908203,8,"curry"
"327",-123.827644348145,42.1181259155273,8,"curry"
"328",-123.816177368164,42.0780181884766,8,"curry"
"329",-123.844825744629,42.049373626709,8,"curry"
"330",-123.844825744629,42.0092658996582,8,"curry"
"331",-124.18286895752,42.0035362243652,8,"curry"
"332",-124.188606262207,42.0321846008301,8,"curry"
"333",-124.25163269043,42.0665626525879,8,"curry"
"334",-124.297462463379,42.1009368896484,8,"curry"
"335",-124.331848144531,42.1639633178711,8,"curry"
"336",-124.354751586914,42.2384490966797,8,"curry"
"337",-124.37767791748,42.2613677978516,8,"curry"
"338",-124.371955871582,42.3014755249023,8,"curry"
"339",-124.394859313965,42.3415832519531,8,"curry"
"340",-124.383415222168,42.3816909790039,8,"curry"
"341",-124.394859313965,42.4447135925293,8,"curry"
"342",-124.383415222168,42.496280670166,8,"curry"
"343",-124.343307495117,42.5650367736816,8,"curry"
"344",-124.371955871582,42.628059387207,8,"curry"
"345",-124.37767791748,42.6567077636719,8,"curry"
"346",-124.417785644531,42.6968154907227,8,"curry"
"347",-124.429244995117,42.7369194030762,8,"curry"
"348",-124.475074768066,42.759838104248,8,"curry"
"349",-124.486534118652,42.8056755065918,8,"curry"
"350",-124.532379150391,42.8457832336426,8,"curry"
"351",-124.469352722168,42.9259986877441,8,"curry"
"352",-124.446426391602,42.954647064209,8,"curry"
"353",-124.257354736328,42.960376739502,8,"curry"
"354",-124.257354736328,42.9317283630371,8,"curry"
"355",-124.222984313965,42.9317283630371,8,"curry"
"356",-124.217247009277,42.8916206359863,8,"curry"
"357",-124.165679931641,42.8744316101074,8,"curry"
"358",-124.148498535156,42.8572463989258,8,"curry"
"359",-124.148498535156,42.817138671875,8,"curry"
"360",-124.177139282227,42.817138671875,8,"curry"
"361",-124.177139282227,42.7827568054199,8,"curry"
"362",-124.154220581055,42.7827568054199,8,"curry"
"363",-124.154220581055,42.7426528930664,8,"curry"
"364",-124.142761230469,42.7197341918945,8,"curry"
"365",-124.142761230469,42.6681671142578,8,"curry"
"366",-124.12557220459,42.6681671142578,8,"curry"
"367",-124.119850158691,42.6738967895508,8,"curry"
"368",-124.01099395752,42.6796264648438,8,"curry"
"369",-124.005256652832,42.6968154907227,8,"curry"
"370",-123.959419250488,42.7369194030762,8,"curry"
"371",-123.936500549316,42.7369194030762,8,"curry"
"372",-123.936500549316,42.759838104248,8,"curry"
"373",-123.856285095215,42.7827568054199,8,"curry"
"374",-123.833366394043,42.7827568054199,8,"curry"
"375",-123.816177368164,42.811408996582,8,"curry"
"377",-121.32381439209,43.6135482788086,9,"deschutes"
"378",-122.011360168457,43.6135482788086,9,"deschutes"
"379",-122.005630493164,43.6250038146973,9,"deschutes"
"380",-121.971252441406,43.6307373046875,9,"deschutes"
"381",-121.971252441406,43.665111541748,9,"deschutes"
"382",-121.948341369629,43.6880302429199,9,"deschutes"
"383",-121.999908447266,43.7453269958496,9,"deschutes"
"384",-121.98844909668,43.7911643981934,9,"deschutes"
"385",-122.011360168457,43.8255424499512,9,"deschutes"
"386",-121.95979309082,43.8484573364258,9,"deschutes"
"387",-121.971252441406,43.8828392028809,9,"deschutes"
"388",-121.936882019043,43.9057579040527,9,"deschutes"
"389",-121.908233642578,43.9000282287598,9,"deschutes"
"390",-121.850929260254,43.9344024658203,9,"deschutes"
"391",-121.822280883789,43.9687843322754,9,"deschutes"
"392",-121.816558837891,44.0318031311035,9,"deschutes"
"393",-121.78791809082,44.0489959716797,9,"deschutes"
"394",-121.770713806152,44.0719146728516,9,"deschutes"
"395",-121.764991760254,44.1005592346191,9,"deschutes"
"396",-121.78791809082,44.123477935791,9,"deschutes"
"397",-121.759254455566,44.1865043640137,9,"deschutes"
"398",-121.764991760254,44.2323417663574,9,"deschutes"
"399",-121.78791809082,44.2552604675293,9,"deschutes"
"400",-121.816558837891,44.2724494934082,9,"deschutes"
"401",-121.845207214355,44.2781791687012,9,"deschutes"
"402",-121.83374786377,44.2953681945801,9,"deschutes"
"403",-121.839469909668,44.3412017822266,9,"deschutes"
"404",-121.850929260254,44.3641204833984,9,"deschutes"
"405",-121.845207214355,44.3927688598633,9,"deschutes"
"406",-121.111824035645,44.3870391845703,9,"deschutes"
"407",-121.111824035645,44.318286895752,9,"deschutes"
"408",-121.111824035645,44.2266120910645,9,"deschutes"
"409",-121.088897705078,44.2151527404785,9,"deschutes"
"410",-121.088897705078,44.134937286377,9,"deschutes"
"411",-120.980041503906,44.1292114257812,9,"deschutes"
"412",-120.980041503906,43.9573211669922,9,"deschutes"
"413",-120.739395141602,43.9515914916992,9,"deschutes"
"414",-120.739395141602,43.859920501709,9,"deschutes"
"415",-120.384162902832,43.859920501709,9,"deschutes"
"416",-120.378433227539,43.7797050476074,9,"deschutes"
"417",-120.252380371094,43.7797050476074,9,"deschutes"
"418",-120.246658325195,43.6880302429199,9,"deschutes"
"419",-119.885696411133,43.6880302429199,9,"deschutes"
"420",-119.885696411133,43.6078186035156,9,"deschutes"
"421",-120.378433227539,43.6078186035156,9,"deschutes"
"422",-120.384162902832,43.5963592529297,9,"deschutes"
"423",-120.71647644043,43.5963592529297,9,"deschutes"
"424",-120.722213745117,43.6020851135254,9,"deschutes"
"425",-120.95711517334,43.6135482788086,9,"deschutes"
"426",-121.32381439209,43.6135482788086,9,"deschutes"
"428",-123.718780517578,42.7713012695312,10,"douglas"
"429",-123.816177368164,42.811408996582,10,"douglas"
"430",-123.816177368164,42.9832916259766,10,"douglas"
"431",-123.764610290527,42.9890213012695,10,"douglas"
"432",-123.758888244629,43.0749664306641,10,"douglas"
"433",-123.690124511719,43.0978851318359,10,"douglas"
"434",-123.690124511719,43.1322631835938,10,"douglas"
"435",-123.707321166992,43.1379928588867,10,"douglas"
"436",-123.695861816406,43.2525825500488,10,"douglas"
"437",-123.764610290527,43.2583122253418,10,"douglas"
"438",-123.764610290527,43.4302024841309,10,"douglas"
"439",-123.816177368164,43.4302024841309,10,"douglas"
"440",-123.816177368164,43.5104141235352,10,"douglas"
"441",-123.867744445801,43.5218734741211,10,"douglas"
"442",-123.873474121094,43.6020851135254,10,"douglas"
"443",-124.177139282227,43.6020851135254,10,"douglas"
"444",-124.165679931641,43.6364669799805,10,"douglas"
"445",-124.165679931641,43.665111541748,10,"douglas"
"446",-124.142761230469,43.682300567627,10,"douglas"
"447",-124.154220581055,43.7109489440918,10,"douglas"
"448",-124.137031555176,43.8198127746582,10,"douglas"
"449",-124.131309509277,43.8484573364258,10,"douglas"
"450",-123.953681945801,43.8484573364258,10,"douglas"
"451",-123.936500549316,43.859920501709,10,"douglas"
"452",-123.88493347168,43.9000282287598,10,"douglas"
"453",-123.856285095215,43.9057579040527,10,"douglas"
"454",-123.856285095215,43.9172134399414,10,"douglas"
"455",-123.816177368164,43.9344024658203,10,"douglas"
"456",-123.695861816406,43.9401321411133,10,"douglas"
"457",-123.655754089355,43.9114837646484,10,"douglas"
"458",-123.621368408203,43.9114837646484,10,"douglas"
"459",-123.615646362305,43.8771095275879,10,"douglas"
"460",-123.575538635254,43.8828392028809,10,"douglas"
"461",-123.575538635254,43.859920501709,10,"douglas"
"462",-123.523971557617,43.859920501709,10,"douglas"
"463",-123.523971557617,43.8255424499512,10,"douglas"
"464",-123.478141784668,43.8255424499512,10,"douglas"
"465",-123.466682434082,43.8026237487793,10,"douglas"
"466",-123.34635925293,43.7968940734863,10,"douglas"
"467",-123.34635925293,43.7739753723145,10,"douglas"
"468",-123.140090942383,43.7739753723145,10,"douglas"
"469",-123.140090942383,43.6020851135254,10,"douglas"
"470",-123.111442565918,43.5963592529297,10,"douglas"
"471",-123.10572052002,43.533332824707,10,"douglas"
"472",-122.744743347168,43.533332824707,10,"douglas"
"473",-122.733291625977,43.4302024841309,10,"douglas"
"474",-122.515563964844,43.4302024841309,10,"douglas"
"475",-122.509841918945,43.4416580200195,10,"douglas"
"476",-122.234817504883,43.4416580200195,10,"douglas"
"477",-122.22908782959,43.4302024841309,10,"douglas"
"478",-122.183242797852,43.4187393188477,10,"douglas"
"479",-122.137413024902,43.4302024841309,10,"douglas"
"480",-122.120231628418,43.4302024841309,10,"douglas"
"481",-122.068664550781,43.3958206176758,10,"douglas"
"482",-122.045738220215,43.3614463806152,10,"douglas"
"483",-122.011360168457,43.3499870300293,10,"douglas"
"484",-122.017097473145,43.3156089782715,10,"douglas"
"485",-121.999908447266,43.3041496276855,10,"douglas"
"486",-122.011360168457,43.2755012512207,10,"douglas"
"487",-121.982711791992,43.2525825500488,10,"douglas"
"488",-122.045738220215,43.212474822998,10,"douglas"
"489",-122.068664550781,43.1322631835938,10,"douglas"
"490",-122.091567993164,43.1036148071289,10,"douglas"
"491",-122.091567993164,43.0692367553711,10,"douglas"
"492",-122.28638458252,43.0635108947754,10,"douglas"
"493",-122.28638458252,42.9947547912598,10,"douglas"
"494",-122.389518737793,42.9947547912598,10,"douglas"
"495",-122.463996887207,42.9317283630371,10,"douglas"
"496",-122.549942016602,42.9317283630371,10,"douglas"
"497",-122.658805847168,42.8744316101074,10,"douglas"
"498",-122.76766204834,42.817138671875,10,"douglas"
"499",-122.813507080078,42.7713012695312,10,"douglas"
"500",-122.86506652832,42.7713012695312,10,"douglas"
"501",-122.870803833008,42.759838104248,10,"douglas"
"502",-122.951011657715,42.759838104248,10,"douglas"
"503",-123.01976776123,42.7483825683594,10,"douglas"
"504",-123.151550292969,42.7483825683594,10,"douglas"
"505",-123.23176574707,42.6910858154297,10,"douglas"
"506",-123.248947143555,42.6910858154297,10,"douglas"
"507",-123.248947143555,42.7025451660156,10,"douglas"
"508",-123.283332824707,42.7140045166016,10,"douglas"
"509",-123.311973571777,42.7140045166016,10,"douglas"
"510",-123.329162597656,42.7025451660156,10,"douglas"
"511",-123.340621948242,42.7254638671875,10,"douglas"
"512",-123.375007629395,42.7254638671875,10,"douglas"
"513",-123.403648376465,42.7140045166016,10,"douglas"
"514",-123.403648376465,42.6968154907227,10,"douglas"
"515",-123.455215454102,42.6968154907227,10,"douglas"
"516",-123.460945129395,42.6796264648438,10,"douglas"
"517",-123.501045227051,42.6968154907227,10,"douglas"
"518",-123.55835723877,42.7025451660156,10,"douglas"
"519",-123.564079284668,42.7369194030762,10,"douglas"
"520",-123.684394836426,42.7311935424805,10,"douglas"
"521",-123.695861816406,42.7541122436523,10,"douglas"
"522",-123.707321166992,42.7311935424805,10,"douglas"
"523",-123.724502563477,42.7369194030762,10,"douglas"
"524",-123.718780517578,42.7713012695312,10,"douglas"
"526",-119.776832580566,45.0688591003418,11,"gilliam"
"527",-120.493019104004,45.0631294250488,11,"gilliam"
"528",-120.510215759277,45.080322265625,11,"gilliam"
"529",-120.51594543457,45.0975074768066,11,"gilliam"
"530",-120.452911376953,45.1032371520996,11,"gilliam"
"531",-120.464370727539,45.1204261779785,11,"gilliam"
"532",-120.452911376953,45.1318855285645,11,"gilliam"
"533",-120.487297058105,45.1490745544434,11,"gilliam"
"534",-120.493019104004,45.1834526062012,11,"gilliam"
"535",-120.527404785156,45.2006416320801,11,"gilliam"
"536",-120.56177520752,45.2292861938477,11,"gilliam"
"537",-120.544586181641,45.2464752197266,11,"gilliam"
"538",-120.56177520752,45.2636680603027,11,"gilliam"
"539",-120.556045532227,45.2923126220703,11,"gilliam"
"540",-120.544586181641,45.2980422973633,11,"gilliam"
"541",-120.550323486328,45.3209609985352,11,"gilliam"
"542",-120.538864135742,45.4011764526367,11,"gilliam"
"543",-120.510215759277,45.4183654785156,11,"gilliam"
"544",-120.527404785156,45.4355506896973,11,"gilliam"
"545",-120.50447845459,45.4470138549805,11,"gilliam"
"546",-120.51594543457,45.4699325561523,11,"gilliam"
"547",-120.47583770752,45.4699325561523,11,"gilliam"
"548",-120.43000793457,45.4699325561523,11,"gilliam"
"549",-120.447189331055,45.4985771179199,11,"gilliam"
"550",-120.366973876953,45.4928512573242,11,"gilliam"
"551",-120.412803649902,45.5558738708496,11,"gilliam"
"552",-120.412803649902,45.5845222473145,11,"gilliam"
"553",-120.447189331055,45.618896484375,11,"gilliam"
"554",-120.498756408691,45.6360893249512,11,"gilliam"
"555",-120.51594543457,45.6647338867188,11,"gilliam"
"556",-120.573234558105,45.676197052002,11,"gilliam"
"557",-120.596153259277,45.6991119384766,11,"gilliam"
"558",-120.653450012207,45.7277603149414,11,"gilliam"
"559",-120.607620239258,45.7392234802246,11,"gilliam"
"560",-120.556045532227,45.7277603149414,11,"gilliam"
"561",-120.510215759277,45.7048416137695,11,"gilliam"
"562",-120.447189331055,45.6876525878906,11,"gilliam"
"563",-120.212272644043,45.7334899902344,11,"gilliam"
"564",-120.143516540527,45.7735977172852,11,"gilliam"
"565",-120.06330871582,45.7907867431641,11,"gilliam"
"566",-120.006011962891,45.80224609375,11,"gilliam"
"567",-120.006011962891,45.7392234802246,11,"gilliam"
"568",-119.994552612305,45.5272254943848,11,"gilliam"
"569",-120.017471313477,45.5100402832031,11,"gilliam"
"570",-120.017471313477,45.2579383850098,11,"gilliam"
"571",-119.885696411133,45.2464752197266,11,"gilliam"
"572",-119.879959106445,45.1719932556152,11,"gilliam"
"573",-119.759635925293,45.1719932556152,11,"gilliam"
"574",-119.759635925293,45.080322265625,11,"gilliam"
"575",-119.776832580566,45.0860481262207,11,"gilliam"
"576",-119.776832580566,45.0688591003418,11,"gilliam"
"578",-119.645050048828,43.9573211669922,12,"grant"
"579",-119.650772094727,44.2953681945801,12,"grant"
"580",-119.645050048828,44.438606262207,12,"grant"
"581",-119.645050048828,44.8282203674316,12,"grant"
"582",-119.667961120605,44.8339500427246,12,"grant"
"583",-119.667961120605,44.9485397338867,12,"grant"
"584",-119.667961120605,44.9943771362305,12,"grant"
"585",-119.15803527832,44.9943771362305,12,"grant"
"586",-118.510581970215,45.0001029968262,12,"grant"
"587",-118.481941223145,45.0001029968262,12,"grant"
"588",-118.424644470215,44.9714584350586,12,"grant"
"589",-118.350158691406,44.9886474609375,12,"grant"
"590",-118.304328918457,44.9714584350586,12,"grant"
"591",-118.247032165527,44.9542694091797,12,"grant"
"592",-118.224113464355,44.9370803833008,12,"grant"
"593",-118.235572814941,44.89697265625,12,"grant"
"594",-118.235572814941,44.8740577697754,12,"grant"
"595",-118.281402587891,44.8568649291992,12,"grant"
"596",-118.315788269043,44.8396759033203,12,"grant"
"597",-118.292869567871,44.8053016662598,12,"grant"
"598",-118.281402587891,44.7480049133301,12,"grant"
"599",-118.327247619629,44.7422752380371,12,"grant"
"600",-118.361618041992,44.7537307739258,12,"grant"
"601",-118.459030151367,44.7136268615723,12,"grant"
"602",-118.510581970215,44.7193565368652,12,"grant"
"603",-118.499137878418,44.6620597839355,12,"grant"
"604",-118.40746307373,44.6448707580566,12,"grant"
"605",-118.36735534668,44.6563301086426,12,"grant"
"606",-118.310050964355,44.5990333557129,12,"grant"
"607",-118.321510314941,44.570384979248,12,"grant"
"608",-118.344436645508,44.5646591186523,12,"grant"
"609",-118.373077392578,44.5302772521973,12,"grant"
"610",-118.373077392578,44.4844436645508,12,"grant"
"611",-118.378807067871,44.4615249633789,12,"grant"
"612",-118.424644470215,44.4615249633789,12,"grant"
"613",-118.418922424316,44.438606262207,12,"grant"
"614",-118.441833496094,44.4099578857422,12,"grant"
"615",-118.40746307373,44.3755836486816,12,"grant"
"616",-118.436111450195,44.3698501586914,12,"grant"
"617",-118.49340057373,44.2781791687012,12,"grant"
"618",-118.481941223145,44.2552604675293,12,"grant"
"619",-118.378807067871,44.2609901428223,12,"grant"
"620",-118.229835510254,44.2609901428223,12,"grant"
"621",-118.229835510254,44.0318031311035,12,"grant"
"622",-118.596534729004,44.0318031311035,12,"grant"
"623",-118.602256774902,44.0489959716797,12,"grant"
"624",-118.81999206543,44.0432662963867,12,"grant"
"625",-118.81999206543,43.9515914916992,12,"grant"
"626",-119.410133361816,43.9515914916992,12,"grant"
"627",-119.645050048828,43.9573211669922,12,"grant"
"629",-119.885696411133,43.6078186035156,13,"harney"
"630",-119.885696411133,43.6880302429199,13,"harney"
"631",-119.76537322998,43.6880302429199,13,"harney"
"632",-119.76537322998,43.9515914916992,13,"harney"
"633",-119.645050048828,43.9573211669922,13,"harney"
"634",-119.410133361816,43.9515914916992,13,"harney"
"635",-118.81999206543,43.9515914916992,13,"harney"
"636",-118.81999206543,44.0432662963867,13,"harney"
"637",-118.602256774902,44.0489959716797,13,"harney"
"638",-118.596534729004,44.0318031311035,13,"harney"
"639",-118.229835510254,44.0318031311035,13,"harney"
"640",-118.224113464355,43.7797050476074,13,"harney"
"641",-118.24129486084,43.7739753723145,13,"harney"
"642",-118.235572814941,42.9259986877441,13,"harney"
"643",-118.218376159668,42.9145393371582,13,"harney"
"644",-118.218376159668,42.2900161743164,13,"harney"
"645",-118.189727783203,42.2842826843262,13,"harney"
"646",-118.201194763184,42.0092658996582,13,"harney"
"647",-119.306999206543,42.0092658996582,13,"harney"
"648",-119.370025634766,42.0092658996582,13,"harney"
"649",-119.35856628418,42.7541122436523,13,"harney"
"650",-119.685157775879,42.7541122436523,13,"harney"
"651",-119.69660949707,42.7426528930664,13,"harney"
"652",-119.931526184082,42.7483825683594,13,"harney"
"653",-119.942985534668,42.9030799865723,13,"harney"
"654",-119.925796508789,42.9145393371582,13,"harney"
"655",-119.920059204102,43.1781005859375,13,"harney"
"656",-119.885696411133,43.1781005859375,13,"harney"
"657",-119.885696411133,43.6078186035156,13,"harney"
"659",-121.426940917969,45.6933860778809,14,"hood river"
"660",-121.426940917969,45.5157661437988,14,"hood river"
"661",-121.472785949707,45.5100402832031,14,"hood river"
"662",-121.472785949707,45.2464752197266,14,"hood river"
"663",-121.673316955566,45.2464752197266,14,"hood river"
"664",-121.656135559082,45.2751235961914,14,"hood river"
"665",-121.650398254395,45.2923126220703,14,"hood river"
"666",-121.684776306152,45.3037757873535,14,"hood river"
"667",-121.701965332031,45.3266944885254,14,"hood river"
"668",-121.696243286133,45.3725280761719,14,"hood river"
"669",-121.724884033203,45.3897171020508,14,"hood river"
"670",-121.764991760254,45.3954467773438,14,"hood river"
"671",-121.764991760254,45.4183654785156,14,"hood river"
"672",-121.799362182617,45.4412841796875,14,"hood river"
"673",-121.810821533203,45.4527397155762,14,"hood river"
"674",-121.845207214355,45.475658416748,14,"hood river"
"675",-121.86238861084,45.5043067932129,14,"hood river"
"676",-121.902496337891,45.5043067932129,14,"hood river"
"677",-121.913955688477,45.532958984375,14,"hood river"
"678",-121.902496337891,45.5558738708496,14,"hood river"
"679",-121.91968536377,45.5902519226074,14,"hood river"
"680",-121.931144714355,45.6418151855469,14,"hood river"
"681",-121.896774291992,45.670467376709,14,"hood river"
"682",-121.839469909668,45.6933860778809,14,"hood river"
"683",-121.77645111084,45.6933860778809,14,"hood river"
"684",-121.673316955566,45.6933860778809,14,"hood river"
"685",-121.570182800293,45.7048416137695,14,"hood river"
"686",-121.524353027344,45.7048416137695,14,"hood river"
"687",-121.426940917969,45.6933860778809,14,"hood river"
"689",-122.303565979004,42.0092658996582,15,"jackson"
"690",-123.237487792969,42.0092658996582,15,"jackson"
"691",-123.23176574707,42.6910858154297,15,"jackson"
"692",-123.151550292969,42.7483825683594,15,"jackson"
"693",-123.01976776123,42.7483825683594,15,"jackson"
"694",-122.951011657715,42.759838104248,15,"jackson"
"695",-122.870803833008,42.759838104248,15,"jackson"
"696",-122.86506652832,42.7713012695312,15,"jackson"
"697",-122.813507080078,42.7713012695312,15,"jackson"
"698",-122.76766204834,42.817138671875,15,"jackson"
"699",-122.658805847168,42.8744316101074,15,"jackson"
"700",-122.549942016602,42.9317283630371,15,"jackson"
"701",-122.463996887207,42.9317283630371,15,"jackson"
"702",-122.389518737793,42.9947547912598,15,"jackson"
"703",-122.28638458252,42.9947547912598,15,"jackson"
"704",-122.28638458252,42.7884902954102,15,"jackson"
"705",-122.280654907227,42.4619026184082,15,"jackson"
"706",-122.297843933105,42.4561729431152,15,"jackson"
"707",-122.292106628418,42.2212600708008,15,"jackson"
"708",-122.303565979004,42.0092658996582,15,"jackson"
"710",-121.799362182617,44.6677894592285,16,"jefferson"
"711",-121.753532409668,44.8224868774414,16,"jefferson"
"712",-120.378433227539,44.8167572021484,16,"jefferson"
"713",-120.355514526367,44.7938385009766,16,"jefferson"
"714",-120.38990020752,44.7823829650879,16,"jefferson"
"715",-120.378433227539,44.7537307739258,16,"jefferson"
"716",-120.372695922852,44.5531959533691,16,"jefferson"
"717",-120.825332641602,44.5531959533691,16,"jefferson"
"718",-120.831069946289,44.4787139892578,16,"jefferson"
"719",-120.985763549805,44.4729843139648,16,"jefferson"
"720",-120.985763549805,44.3927688598633,16,"jefferson"
"721",-121.111824035645,44.3870391845703,16,"jefferson"
"722",-121.845207214355,44.3927688598633,16,"jefferson"
"723",-121.839469909668,44.4328765869141,16,"jefferson"
"724",-121.850929260254,44.4959030151367,16,"jefferson"
"725",-121.816558837891,44.5302772521973,16,"jefferson"
"726",-121.822280883789,44.5531959533691,16,"jefferson"
"727",-121.793640136719,44.5818481445312,16,"jefferson"
"728",-121.799362182617,44.6391410827637,16,"jefferson"
"729",-121.799362182617,44.6677894592285,16,"jefferson"
"731",-123.718780517578,42.7713012695312,17,"josephine"
"732",-123.724502563477,42.7369194030762,17,"josephine"
"733",-123.707321166992,42.7311935424805,17,"josephine"
"734",-123.695861816406,42.7541122436523,17,"josephine"
"735",-123.684394836426,42.7311935424805,17,"josephine"
"736",-123.564079284668,42.7369194030762,17,"josephine"
"737",-123.55835723877,42.7025451660156,17,"josephine"
"738",-123.501045227051,42.6968154907227,17,"josephine"
"739",-123.460945129395,42.6796264648438,17,"josephine"
"740",-123.455215454102,42.6968154907227,17,"josephine"
"741",-123.403648376465,42.6968154907227,17,"josephine"
"742",-123.403648376465,42.7140045166016,17,"josephine"
"743",-123.375007629395,42.7254638671875,17,"josephine"
"744",-123.340621948242,42.7254638671875,17,"josephine"
"745",-123.329162597656,42.7025451660156,17,"josephine"
"746",-123.311973571777,42.7140045166016,17,"josephine"
"747",-123.283332824707,42.7140045166016,17,"josephine"
"748",-123.248947143555,42.7025451660156,17,"josephine"
"749",-123.248947143555,42.6910858154297,17,"josephine"
"750",-123.23176574707,42.6910858154297,17,"josephine"
"751",-123.237487792969,42.0092658996582,17,"josephine"
"752",-123.546890258789,42.0092658996582,17,"josephine"
"753",-123.844825744629,42.0092658996582,17,"josephine"
"754",-123.844825744629,42.049373626709,17,"josephine"
"755",-123.816177368164,42.0780181884766,17,"josephine"
"756",-123.827644348145,42.1181259155273,17,"josephine"
"757",-123.850563049316,42.1238555908203,17,"josephine"
"758",-123.850563049316,42.1525039672852,17,"josephine"
"759",-123.816177368164,42.1639633178711,17,"josephine"
"760",-123.810455322266,42.2098007202148,17,"josephine"
"761",-123.793258666992,42.2269897460938,17,"josephine"
"762",-123.816177368164,42.2499084472656,17,"josephine"
"763",-123.827644348145,42.3129348754883,17,"josephine"
"764",-123.867744445801,42.3415832519531,17,"josephine"
"765",-124.045356750488,42.358772277832,17,"josephine"
"766",-124.045356750488,42.3988761901855,17,"josephine"
"767",-124.01099395752,42.4160652160645,17,"josephine"
"768",-124.016716003418,42.4447135925293,17,"josephine"
"769",-123.993789672852,42.4676284790039,17,"josephine"
"770",-123.993789672852,42.4905471801758,17,"josephine"
"771",-123.890670776367,42.496280670166,17,"josephine"
"772",-123.816177368164,42.6051406860352,17,"josephine"
"773",-123.816177368164,42.6567077636719,17,"josephine"
"774",-123.718780517578,42.7713012695312,17,"josephine"
"776",-121.472785949707,42.0092658996582,18,"klamath"
"777",-122.303565979004,42.0092658996582,18,"klamath"
"778",-122.292106628418,42.2212600708008,18,"klamath"
"779",-122.297843933105,42.4561729431152,18,"klamath"
"780",-122.280654907227,42.4619026184082,18,"klamath"
"781",-122.28638458252,42.7884902954102,18,"klamath"
"782",-122.28638458252,42.9947547912598,18,"klamath"
"783",-122.28638458252,43.0635108947754,18,"klamath"
"784",-122.091567993164,43.0692367553711,18,"klamath"
"785",-122.091567993164,43.1036148071289,18,"klamath"
"786",-122.068664550781,43.1322631835938,18,"klamath"
"787",-122.045738220215,43.212474822998,18,"klamath"
"788",-121.982711791992,43.2525825500488,18,"klamath"
"789",-122.011360168457,43.2755012512207,18,"klamath"
"790",-121.999908447266,43.3041496276855,18,"klamath"
"791",-122.017097473145,43.3156089782715,18,"klamath"
"792",-122.011360168457,43.3499870300293,18,"klamath"
"793",-122.045738220215,43.3614463806152,18,"klamath"
"794",-122.068664550781,43.3958206176758,18,"klamath"
"795",-122.120231628418,43.4302024841309,18,"klamath"
"796",-122.137413024902,43.4302024841309,18,"klamath"
"797",-122.154602050781,43.4531211853027,18,"klamath"
"798",-122.137413024902,43.4703102111816,18,"klamath"
"799",-122.131675720215,43.5046844482422,18,"klamath"
"800",-122.177520751953,43.544792175293,18,"klamath"
"801",-122.143142700195,43.5619812011719,18,"klamath"
"802",-122.07438659668,43.5791664123535,18,"klamath"
"803",-122.051467895508,43.6078186035156,18,"klamath"
"804",-122.022819519043,43.5963592529297,18,"klamath"
"805",-122.011360168457,43.6135482788086,18,"klamath"
"806",-121.32381439209,43.6135482788086,18,"klamath"
"807",-121.329544067383,43.3499870300293,18,"klamath"
"808",-121.341003417969,43.3385276794434,18,"klamath"
"809",-121.341003417969,42.7483825683594,18,"klamath"
"810",-120.876907348633,42.7483825683594,18,"klamath"
"811",-120.888366699219,42.0207252502441,18,"klamath"
"812",-121.472785949707,42.0092658996582,18,"klamath"
"814",-121.32381439209,43.6135482788086,19,"lake"
"815",-120.95711517334,43.6135482788086,19,"lake"
"816",-120.722213745117,43.6020851135254,19,"lake"
"817",-120.71647644043,43.5963592529297,19,"lake"
"818",-120.384162902832,43.5963592529297,19,"lake"
"819",-120.378433227539,43.6078186035156,19,"lake"
"820",-119.885696411133,43.6078186035156,19,"lake"
"821",-119.885696411133,43.1781005859375,19,"lake"
"822",-119.920059204102,43.1781005859375,19,"lake"
"823",-119.925796508789,42.9145393371582,19,"lake"
"824",-119.942985534668,42.9030799865723,19,"lake"
"825",-119.931526184082,42.7483825683594,19,"lake"
"826",-119.69660949707,42.7426528930664,19,"lake"
"827",-119.685157775879,42.7541122436523,19,"lake"
"828",-119.35856628418,42.7541122436523,19,"lake"
"829",-119.370025634766,42.0092658996582,19,"lake"
"830",-120.006011962891,42.0092658996582,19,"lake"
"831",-120.888366699219,42.0207252502441,19,"lake"
"832",-120.876907348633,42.7483825683594,19,"lake"
"833",-121.341003417969,42.7483825683594,19,"lake"
"834",-121.341003417969,43.3385276794434,19,"lake"
"835",-121.329544067383,43.3499870300293,19,"lake"
"836",-121.32381439209,43.6135482788086,19,"lake"
"838",-122.011360168457,43.6135482788086,20,"lane"
"839",-122.022819519043,43.5963592529297,20,"lane"
"840",-122.051467895508,43.6078186035156,20,"lane"
"841",-122.07438659668,43.5791664123535,20,"lane"
"842",-122.143142700195,43.5619812011719,20,"lane"
"843",-122.177520751953,43.544792175293,20,"lane"
"844",-122.131675720215,43.5046844482422,20,"lane"
"845",-122.137413024902,43.4703102111816,20,"lane"
"846",-122.154602050781,43.4531211853027,20,"lane"
"847",-122.137413024902,43.4302024841309,20,"lane"
"848",-122.183242797852,43.4187393188477,20,"lane"
"849",-122.22908782959,43.4302024841309,20,"lane"
"850",-122.234817504883,43.4416580200195,20,"lane"
"851",-122.509841918945,43.4416580200195,20,"lane"
"852",-122.515563964844,43.4302024841309,20,"lane"
"853",-122.733291625977,43.4302024841309,20,"lane"
"854",-122.744743347168,43.533332824707,20,"lane"
"855",-123.10572052002,43.533332824707,20,"lane"
"856",-123.111442565918,43.5963592529297,20,"lane"
"857",-123.140090942383,43.6020851135254,20,"lane"
"858",-123.140090942383,43.7739753723145,20,"lane"
"859",-123.34635925293,43.7739753723145,20,"lane"
"860",-123.34635925293,43.7968940734863,20,"lane"
"861",-123.466682434082,43.8026237487793,20,"lane"
"862",-123.478141784668,43.8255424499512,20,"lane"
"863",-123.523971557617,43.8255424499512,20,"lane"
"864",-123.523971557617,43.859920501709,20,"lane"
"865",-123.575538635254,43.859920501709,20,"lane"
"866",-123.575538635254,43.8828392028809,20,"lane"
"867",-123.615646362305,43.8771095275879,20,"lane"
"868",-123.621368408203,43.9114837646484,20,"lane"
"869",-123.655754089355,43.9114837646484,20,"lane"
"870",-123.695861816406,43.9401321411133,20,"lane"
"871",-123.816177368164,43.9344024658203,20,"lane"
"872",-123.856285095215,43.9172134399414,20,"lane"
"873",-123.856285095215,43.9057579040527,20,"lane"
"874",-123.88493347168,43.9000282287598,20,"lane"
"875",-123.936500549316,43.859920501709,20,"lane"
"876",-123.953681945801,43.8484573364258,20,"lane"
"877",-124.131309509277,43.8484573364258,20,"lane"
"878",-124.114112854004,43.9286766052246,20,"lane"
"879",-124.102653503418,44.0891036987305,20,"lane"
"880",-124.085464477539,44.1635856628418,20,"lane"
"881",-124.068283081055,44.2323417663574,20,"lane"
"882",-124.056823730469,44.2609901428223,20,"lane"
"883",-123.947959899902,44.2609901428223,20,"lane"
"884",-123.936500549316,44.2781791687012,20,"lane"
"885",-123.741691589355,44.2781791687012,20,"lane"
"886",-123.426574707031,44.2724494934082,20,"lane"
"887",-123.420837402344,44.2896385192871,20,"lane"
"888",-123.203117370605,44.2896385192871,20,"lane"
"889",-123.163009643555,44.2380714416504,20,"lane"
"890",-123.151550292969,44.1979637145996,20,"lane"
"891",-122.910903930664,44.1922340393066,20,"lane"
"892",-122.910903930664,44.2552604675293,20,"lane"
"893",-122.86506652832,44.2552604675293,20,"lane"
"894",-122.859336853027,44.2781791687012,20,"lane"
"895",-122.73902130127,44.2839088439941,20,"lane"
"896",-122.607238769531,44.2495307922363,20,"lane"
"897",-122.509841918945,44.2151527404785,20,"lane"
"898",-122.429626464844,44.2036933898926,20,"lane"
"899",-122.418167114258,44.2208824157715,20,"lane"
"900",-122.400978088379,44.2208824157715,20,"lane"
"901",-122.37232208252,44.1979637145996,20,"lane"
"902",-122.337951660156,44.2151527404785,20,"lane"
"903",-122.320762634277,44.2495307922363,20,"lane"
"904",-122.246276855469,44.2552604675293,20,"lane"
"905",-121.999908447266,44.2552604675293,20,"lane"
"906",-121.78791809082,44.2552604675293,20,"lane"
"907",-121.764991760254,44.2323417663574,20,"lane"
"908",-121.759254455566,44.1865043640137,20,"lane"
"909",-121.78791809082,44.123477935791,20,"lane"
"910",-121.764991760254,44.1005592346191,20,"lane"
"911",-121.770713806152,44.0719146728516,20,"lane"
"912",-121.78791809082,44.0489959716797,20,"lane"
"913",-121.816558837891,44.0318031311035,20,"lane"
"914",-121.822280883789,43.9687843322754,20,"lane"
"915",-121.850929260254,43.9344024658203,20,"lane"
"916",-121.908233642578,43.9000282287598,20,"lane"
"917",-121.936882019043,43.9057579040527,20,"lane"
"918",-121.971252441406,43.8828392028809,20,"lane"
"919",-121.95979309082,43.8484573364258,20,"lane"
"920",-122.011360168457,43.8255424499512,20,"lane"
"921",-121.98844909668,43.7911643981934,20,"lane"
"922",-121.999908447266,43.7453269958496,20,"lane"
"923",-121.948341369629,43.6880302429199,20,"lane"
"924",-121.971252441406,43.665111541748,20,"lane"
"925",-121.971252441406,43.6307373046875,20,"lane"
"926",-122.005630493164,43.6250038146973,20,"lane"
"927",-122.011360168457,43.6135482788086,20,"lane"
"929",-123.157272338867,44.7078971862793,21,"linn"
"930",-123.163009643555,44.7250862121582,21,"linn"
"931",-123.128623962402,44.7250862121582,21,"linn"
"932",-123.128623962402,44.7422752380371,21,"linn"
"933",-123.094253540039,44.7480049133301,21,"linn"
"934",-123.036949157715,44.7250862121582,21,"linn"
"935",-122.996841430664,44.6849784851074,21,"linn"
"936",-122.968200683594,44.6849784851074,21,"linn"
"937",-122.962478637695,44.7078971862793,21,"linn"
"938",-122.922370910645,44.7136268615723,21,"linn"
"939",-122.899444580078,44.7480049133301,21,"linn"
"940",-122.859336853027,44.7537307739258,21,"linn"
"941",-122.836418151855,44.770923614502,21,"linn"
"942",-122.807769775391,44.7766494750977,21,"linn"
"943",-122.76766204834,44.7823829650879,21,"linn"
"944",-122.721832275391,44.7938385009766,21,"linn"
"945",-122.658805847168,44.7766494750977,21,"linn"
"946",-122.630157470703,44.7823829650879,21,"linn"
"947",-122.601516723633,44.7938385009766,21,"linn"
"948",-122.549942016602,44.765193939209,21,"linn"
"949",-122.446807861328,44.7480049133301,21,"linn"
"950",-122.320762634277,44.765193939209,21,"linn"
"951",-122.251998901367,44.7365455627441,21,"linn"
"952",-122.22908782959,44.7078971862793,21,"linn"
"953",-122.20044708252,44.7021675109863,21,"linn"
"954",-122.148880004883,44.7250862121582,21,"linn"
"955",-122.034278869629,44.6849784851074,21,"linn"
"956",-121.971252441406,44.6792488098145,21,"linn"
"957",-121.86238861084,44.6792488098145,21,"linn"
"958",-121.799362182617,44.6677894592285,21,"linn"
"959",-121.799362182617,44.6391410827637,21,"linn"
"960",-121.793640136719,44.5818481445312,21,"linn"
"961",-121.822280883789,44.5531959533691,21,"linn"
"962",-121.816558837891,44.5302772521973,21,"linn"
"963",-121.850929260254,44.4959030151367,21,"linn"
"964",-121.839469909668,44.4328765869141,21,"linn"
"965",-121.845207214355,44.3927688598633,21,"linn"
"966",-121.850929260254,44.3641204833984,21,"linn"
"967",-121.839469909668,44.3412017822266,21,"linn"
"968",-121.83374786377,44.2953681945801,21,"linn"
"969",-121.845207214355,44.2781791687012,21,"linn"
"970",-121.816558837891,44.2724494934082,21,"linn"
"971",-121.78791809082,44.2552604675293,21,"linn"
"972",-121.999908447266,44.2552604675293,21,"linn"
"973",-122.246276855469,44.2552604675293,21,"linn"
"974",-122.320762634277,44.2495307922363,21,"linn"
"975",-122.337951660156,44.2151527404785,21,"linn"
"976",-122.37232208252,44.1979637145996,21,"linn"
"977",-122.400978088379,44.2208824157715,21,"linn"
"978",-122.418167114258,44.2208824157715,21,"linn"
"979",-122.429626464844,44.2036933898926,21,"linn"
"980",-122.509841918945,44.2151527404785,21,"linn"
"981",-122.607238769531,44.2495307922363,21,"linn"
"982",-122.73902130127,44.2839088439941,21,"linn"
"983",-122.859336853027,44.2781791687012,21,"linn"
"984",-122.86506652832,44.2552604675293,21,"linn"
"985",-122.910903930664,44.2552604675293,21,"linn"
"986",-122.910903930664,44.1922340393066,21,"linn"
"987",-123.151550292969,44.1979637145996,21,"linn"
"988",-123.163009643555,44.2380714416504,21,"linn"
"989",-123.203117370605,44.2896385192871,21,"linn"
"990",-123.214576721191,44.306827545166,21,"linn"
"991",-123.237487792969,44.318286895752,21,"linn"
"992",-123.214576721191,44.3583946228027,21,"linn"
"993",-123.237487792969,44.3755836486816,21,"linn"
"994",-123.214576721191,44.3985023498535,21,"linn"
"995",-123.226036071777,44.4156875610352,21,"linn"
"996",-123.203117370605,44.438606262207,21,"linn"
"997",-123.22029876709,44.5417404174805,21,"linn"
"998",-123.237487792969,44.5531959533691,21,"linn"
"999",-123.248947143555,44.5646591186523,21,"linn"
"1000",-123.180191040039,44.5818481445312,21,"linn"
"1001",-123.19165802002,44.6047668457031,21,"linn"
"1002",-123.174468994141,44.6104927062988,21,"linn"
"1003",-123.094253540039,44.6334114074707,21,"linn"
"1004",-123.077056884766,44.6563301086426,21,"linn"
"1005",-123.088516235352,44.6677894592285,21,"linn"
"1006",-123.128623962402,44.6849784851074,21,"linn"
"1007",-123.157272338867,44.7078971862793,21,"linn"
"1009",-123.58699798584,44.7136268615723,22,"lincoln"
"1010",-123.58699798584,44.4214210510254,22,"lincoln"
"1011",-123.707321166992,44.4156875610352,22,"lincoln"
"1012",-123.707321166992,44.3698501586914,22,"lincoln"
"1013",-123.690124511719,44.3698501586914,22,"lincoln"
"1014",-123.690124511719,44.3412017822266,22,"lincoln"
"1015",-123.707321166992,44.3297462463379,22,"lincoln"
"1016",-123.764610290527,44.3297462463379,22,"lincoln"
"1017",-123.770347595215,44.312557220459,22,"lincoln"
"1018",-123.741691589355,44.306827545166,22,"lincoln"
"1019",-123.741691589355,44.2781791687012,22,"lincoln"
"1020",-123.936500549316,44.2781791687012,22,"lincoln"
"1021",-123.947959899902,44.2609901428223,22,"lincoln"
"1022",-124.056823730469,44.2609901428223,22,"lincoln"
"1023",-124.045356750488,44.312557220459,22,"lincoln"
"1024",-124.045356750488,44.3927688598633,22,"lincoln"
"1025",-124.022438049316,44.4328765869141,22,"lincoln"
"1026",-124.03963470459,44.5130920410156,22,"lincoln"
"1027",-124.028175354004,44.5818481445312,22,"lincoln"
"1028",-124.016716003418,44.6506004333496,22,"lincoln"
"1029",-124.033897399902,44.6907081604004,22,"lincoln"
"1030",-124.01099395752,44.7250862121582,22,"lincoln"
"1031",-124.022438049316,44.7823829650879,22,"lincoln"
"1032",-124.01099395752,44.8282203674316,22,"lincoln"
"1033",-123.988067626953,44.9198913574219,22,"lincoln"
"1034",-123.970886230469,44.9714584350586,22,"lincoln"
"1035",-123.976608276367,45.0058326721191,22,"lincoln"
"1036",-123.976608276367,45.0344848632812,22,"lincoln"
"1037",-123.707321166992,45.0344848632812,22,"lincoln"
"1038",-123.707321166992,44.7480049133301,22,"lincoln"
"1039",-123.684394836426,44.7422752380371,22,"lincoln"
"1040",-123.678672790527,44.7193565368652,22,"lincoln"
"1041",-123.58699798584,44.7136268615723,22,"lincoln"
"1043",-117.026634216309,43.682300567627,23,"malheur"
"1044",-117.026634216309,42.0092658996582,23,"malheur"
"1045",-118.201194763184,42.0092658996582,23,"malheur"
"1046",-118.189727783203,42.2842826843262,23,"malheur"
"1047",-118.218376159668,42.2900161743164,23,"malheur"
"1048",-118.218376159668,42.9145393371582,23,"malheur"
"1049",-118.235572814941,42.9259986877441,23,"malheur"
"1050",-118.24129486084,43.7739753723145,23,"malheur"
"1051",-118.224113464355,43.7797050476074,23,"malheur"
"1052",-118.229835510254,44.0318031311035,23,"malheur"
"1053",-118.229835510254,44.2609901428223,23,"malheur"
"1054",-118.201194763184,44.2609901428223,23,"malheur"
"1055",-118.161087036133,44.2781791687012,23,"malheur"
"1056",-118.012115478516,44.4328765869141,23,"malheur"
"1057",-117.983474731445,44.4271469116211,23,"malheur"
"1058",-117.977737426758,44.438606262207,23,"malheur"
"1059",-117.599586486816,44.438606262207,23,"malheur"
"1060",-117.570945739746,44.4214210510254,23,"malheur"
"1061",-117.536560058594,44.4214210510254,23,"malheur"
"1062",-117.490730285645,44.3870391845703,23,"malheur"
"1063",-117.490730285645,44.306827545166,23,"malheur"
"1064",-117.204246520996,44.306827545166,23,"malheur"
"1065",-117.204246520996,44.2839088439941,23,"malheur"
"1066",-117.158409118652,44.2609901428223,23,"malheur"
"1067",-117.09538269043,44.2724494934082,23,"malheur"
"1068",-117.04955291748,44.2323417663574,23,"malheur"
"1069",-117.003707885742,44.2552604675293,23,"malheur"
"1070",-116.952140808105,44.2208824157715,23,"malheur"
"1071",-116.917770385742,44.1979637145996,23,"malheur"
"1072",-116.906311035156,44.1463966369629,23,"malheur"
"1073",-116.923492431641,44.123477935791,23,"malheur"
"1074",-116.957878112793,44.0891036987305,23,"malheur"
"1075",-116.957878112793,44.0547218322754,23,"malheur"
"1076",-116.934959411621,44.0088882446289,23,"malheur"
"1077",-116.952140808105,43.9573211669922,23,"malheur"
"1078",-116.98078918457,43.8828392028809,23,"malheur"
"1079",-117.026634216309,43.7911643981934,23,"malheur"
"1080",-117.026634216309,43.682300567627,23,"malheur"
"1082",-122.847877502441,45.2579383850098,24,"marion"
"1083",-122.77912902832,45.2579383850098,24,"marion"
"1084",-122.77912902832,45.2407493591309,24,"marion"
"1085",-122.744743347168,45.2407493591309,24,"marion"
"1086",-122.750480651855,45.217830657959,24,"marion"
"1087",-122.77912902832,45.1318855285645,24,"marion"
"1088",-122.77912902832,45.1146965026855,24,"marion"
"1089",-122.607238769531,45.0058326721191,24,"marion"
"1090",-122.504104614258,44.9198913574219,24,"marion"
"1091",-122.41242980957,44.89697265625,24,"marion"
"1092",-122.383781433105,44.8740577697754,24,"marion"
"1093",-121.742073059082,44.8683242797852,24,"marion"
"1094",-121.730606079102,44.8511390686035,24,"marion"
"1095",-121.753532409668,44.8224868774414,24,"marion"
"1096",-121.799362182617,44.6677894592285,24,"marion"
"1097",-121.86238861084,44.6792488098145,24,"marion"
"1098",-121.971252441406,44.6792488098145,24,"marion"
"1099",-122.034278869629,44.6849784851074,24,"marion"
"1100",-122.148880004883,44.7250862121582,24,"marion"
"1101",-122.20044708252,44.7021675109863,24,"marion"
"1102",-122.22908782959,44.7078971862793,24,"marion"
"1103",-122.251998901367,44.7365455627441,24,"marion"
"1104",-122.320762634277,44.765193939209,24,"marion"
"1105",-122.446807861328,44.7480049133301,24,"marion"
"1106",-122.549942016602,44.765193939209,24,"marion"
"1107",-122.601516723633,44.7938385009766,24,"marion"
"1108",-122.630157470703,44.7823829650879,24,"marion"
"1109",-122.658805847168,44.7766494750977,24,"marion"
"1110",-122.721832275391,44.7938385009766,24,"marion"
"1111",-122.76766204834,44.7823829650879,24,"marion"
"1112",-122.807769775391,44.7766494750977,24,"marion"
"1113",-122.836418151855,44.770923614502,24,"marion"
"1114",-122.859336853027,44.7537307739258,24,"marion"
"1115",-122.899444580078,44.7480049133301,24,"marion"
"1116",-122.922370910645,44.7136268615723,24,"marion"
"1117",-122.962478637695,44.7078971862793,24,"marion"
"1118",-122.968200683594,44.6849784851074,24,"marion"
"1119",-122.996841430664,44.6849784851074,24,"marion"
"1120",-123.036949157715,44.7250862121582,24,"marion"
"1121",-123.094253540039,44.7480049133301,24,"marion"
"1122",-123.128623962402,44.7422752380371,24,"marion"
"1123",-123.140090942383,44.759464263916,24,"marion"
"1124",-123.128623962402,44.7766494750977,24,"marion"
"1125",-123.088516235352,44.7938385009766,24,"marion"
"1126",-123.094253540039,44.8110313415527,24,"marion"
"1127",-123.14582824707,44.8224868774414,24,"marion"
"1128",-123.174468994141,44.8339500427246,24,"marion"
"1129",-123.174468994141,44.8568649291992,24,"marion"
"1130",-123.14582824707,44.8683242797852,24,"marion"
"1131",-123.10572052002,44.9198913574219,24,"marion"
"1132",-123.042686462402,44.9370803833008,24,"marion"
"1133",-123.031227111816,44.9542694091797,24,"marion"
"1134",-123.031227111816,44.9771881103516,24,"marion"
"1135",-123.059875488281,45.0058326721191,24,"marion"
"1136",-123.048416137695,45.040210723877,24,"marion"
"1137",-123.054153442383,45.0631294250488,24,"marion"
"1138",-123.031227111816,45.0860481262207,24,"marion"
"1139",-123.025505065918,45.1089668273926,24,"marion"
"1140",-122.996841430664,45.1089668273926,24,"marion"
"1141",-122.996841430664,45.1261558532715,24,"marion"
"1142",-123.008308410645,45.1433448791504,24,"marion"
"1143",-122.996841430664,45.1605339050293,24,"marion"
"1144",-123.031227111816,45.2063674926758,24,"marion"
"1145",-122.996841430664,45.223560333252,24,"marion"
"1146",-123.002578735352,45.2464752197266,24,"marion"
"1147",-122.956741333008,45.2751235961914,24,"marion"
"1148",-122.870803833008,45.2464752197266,24,"marion"
"1149",-122.847877502441,45.2579383850098,24,"marion"
"1151",-119.15803527832,44.9943771362305,25,"morrow"
"1152",-119.667961120605,44.9943771362305,25,"morrow"
"1153",-119.776832580566,44.9943771362305,25,"morrow"
"1154",-119.776832580566,45.0688591003418,25,"morrow"
"1155",-119.776832580566,45.0860481262207,25,"morrow"
"1156",-119.759635925293,45.080322265625,25,"morrow"
"1157",-119.759635925293,45.1719932556152,25,"morrow"
"1158",-119.879959106445,45.1719932556152,25,"morrow"
"1159",-119.885696411133,45.2464752197266,25,"morrow"
"1160",-120.017471313477,45.2579383850098,25,"morrow"
"1161",-120.017471313477,45.5100402832031,25,"morrow"
"1162",-119.994552612305,45.5272254943848,25,"morrow"
"1163",-120.006011962891,45.7392234802246,25,"morrow"
"1164",-120.006011962891,45.80224609375,25,"morrow"
"1165",-119.868492126465,45.8366241455078,25,"morrow"
"1166",-119.834121704102,45.8366241455078,25,"morrow"
"1167",-119.69660949707,45.8538131713867,25,"morrow"
"1168",-119.650772094727,45.8767318725586,25,"morrow"
"1169",-119.593482971191,45.9168395996094,25,"morrow"
"1170",-119.547637939453,45.9168395996094,25,"morrow"
"1171",-119.496070861816,45.8996505737305,25,"morrow"
"1172",-119.427322387695,45.9111061096191,25,"morrow"
"1173",-119.421592712402,45.6017112731934,25,"morrow"
"1174",-119.24397277832,45.6017112731934,25,"morrow"
"1175",-119.24397277832,45.5214958190918,25,"morrow"
"1176",-119.14656829834,45.5157661437988,25,"morrow"
"1177",-119.14656829834,45.0917778015137,25,"morrow"
"1178",-119.163757324219,45.0860481262207,25,"morrow"
"1179",-119.15803527832,44.9943771362305,25,"morrow"
"1181",-121.931144714355,45.6418151855469,26,"multnomah"
"1182",-121.91968536377,45.5902519226074,26,"multnomah"
"1183",-121.902496337891,45.5558738708496,26,"multnomah"
"1184",-121.913955688477,45.532958984375,26,"multnomah"
"1185",-121.902496337891,45.5043067932129,26,"multnomah"
"1186",-121.86238861084,45.5043067932129,26,"multnomah"
"1187",-121.845207214355,45.475658416748,26,"multnomah"
"1188",-121.810821533203,45.4527397155762,26,"multnomah"
"1189",-122.022819519043,45.4527397155762,26,"multnomah"
"1190",-122.630157470703,45.4527397155762,26,"multnomah"
"1191",-122.65308380127,45.4470138549805,26,"multnomah"
"1192",-122.658805847168,45.4183654785156,26,"multnomah"
"1193",-122.733291625977,45.4183654785156,26,"multnomah"
"1194",-122.73902130127,45.5100402832031,26,"multnomah"
"1195",-122.910903930664,45.6360893249512,26,"multnomah"
"1196",-122.910903930664,45.7048416137695,26,"multnomah"
"1197",-122.77912902832,45.7048416137695,26,"multnomah"
"1198",-122.77912902832,45.6819229125977,26,"multnomah"
"1199",-122.761940002441,45.6418151855469,26,"multnomah"
"1200",-122.727554321289,45.6131706237793,26,"multnomah"
"1201",-122.630157470703,45.5902519226074,26,"multnomah"
"1202",-122.48119354248,45.5730628967285,26,"multnomah"
"1203",-122.378059387207,45.5558738708496,26,"multnomah"
"1204",-122.320762634277,45.532958984375,26,"multnomah"
"1205",-122.257736206055,45.5444145202637,26,"multnomah"
"1206",-121.931144714355,45.6418151855469,26,"multnomah"
"1208",-123.157272338867,44.7078971862793,27,"polk"
"1209",-123.58699798584,44.7136268615723,27,"polk"
"1210",-123.678672790527,44.7193565368652,27,"polk"
"1211",-123.684394836426,44.7422752380371,27,"polk"
"1212",-123.707321166992,44.7480049133301,27,"polk"
"1213",-123.707321166992,45.0344848632812,27,"polk"
"1214",-123.707321166992,45.0631294250488,27,"polk"
"1215",-123.054153442383,45.0631294250488,27,"polk"
"1216",-123.048416137695,45.040210723877,27,"polk"
"1217",-123.059875488281,45.0058326721191,27,"polk"
"1218",-123.031227111816,44.9771881103516,27,"polk"
"1219",-123.031227111816,44.9542694091797,27,"polk"
"1220",-123.042686462402,44.9370803833008,27,"polk"
"1221",-123.10572052002,44.9198913574219,27,"polk"
"1222",-123.14582824707,44.8683242797852,27,"polk"
"1223",-123.174468994141,44.8568649291992,27,"polk"
"1224",-123.174468994141,44.8339500427246,27,"polk"
"1225",-123.14582824707,44.8224868774414,27,"polk"
"1226",-123.094253540039,44.8110313415527,27,"polk"
"1227",-123.088516235352,44.7938385009766,27,"polk"
"1228",-123.128623962402,44.7766494750977,27,"polk"
"1229",-123.140090942383,44.759464263916,27,"polk"
"1230",-123.128623962402,44.7422752380371,27,"polk"
"1231",-123.128623962402,44.7250862121582,27,"polk"
"1232",-123.163009643555,44.7250862121582,27,"polk"
"1233",-123.157272338867,44.7078971862793,27,"polk"
"1235",-120.653450012207,45.7277603149414,28,"sherman"
"1236",-120.596153259277,45.6991119384766,28,"sherman"
"1237",-120.573234558105,45.676197052002,28,"sherman"
"1238",-120.51594543457,45.6647338867188,28,"sherman"
"1239",-120.498756408691,45.6360893249512,28,"sherman"
"1240",-120.447189331055,45.618896484375,28,"sherman"
"1241",-120.412803649902,45.5845222473145,28,"sherman"
"1242",-120.412803649902,45.5558738708496,28,"sherman"
"1243",-120.366973876953,45.4928512573242,28,"sherman"
"1244",-120.447189331055,45.4985771179199,28,"sherman"
"1245",-120.43000793457,45.4699325561523,28,"sherman"
"1246",-120.47583770752,45.4699325561523,28,"sherman"
"1247",-120.51594543457,45.4699325561523,28,"sherman"
"1248",-120.50447845459,45.4470138549805,28,"sherman"
"1249",-120.527404785156,45.4355506896973,28,"sherman"
"1250",-120.510215759277,45.4183654785156,28,"sherman"
"1251",-120.538864135742,45.4011764526367,28,"sherman"
"1252",-120.550323486328,45.3209609985352,28,"sherman"
"1253",-120.544586181641,45.2980422973633,28,"sherman"
"1254",-120.556045532227,45.2923126220703,28,"sherman"
"1255",-120.56177520752,45.2636680603027,28,"sherman"
"1256",-120.544586181641,45.2464752197266,28,"sherman"
"1257",-120.56177520752,45.2292861938477,28,"sherman"
"1258",-120.527404785156,45.2006416320801,28,"sherman"
"1259",-120.493019104004,45.1834526062012,28,"sherman"
"1260",-120.487297058105,45.1490745544434,28,"sherman"
"1261",-120.452911376953,45.1318855285645,28,"sherman"
"1262",-120.464370727539,45.1204261779785,28,"sherman"
"1263",-120.452911376953,45.1032371520996,28,"sherman"
"1264",-120.51594543457,45.0975074768066,28,"sherman"
"1265",-120.510215759277,45.080322265625,28,"sherman"
"1266",-120.785232543945,45.0745887756348,28,"sherman"
"1267",-120.790969848633,45.1261558532715,28,"sherman"
"1268",-120.813873291016,45.1719932556152,28,"sherman"
"1269",-120.87117767334,45.1891822814941,28,"sherman"
"1270",-120.934196472168,45.1891822814941,28,"sherman"
"1271",-120.985763549805,45.2006416320801,28,"sherman"
"1272",-121.008682250977,45.2407493591309,28,"sherman"
"1273",-121.020149230957,45.3037757873535,28,"sherman"
"1274",-120.985763549805,45.3152313232422,28,"sherman"
"1275",-120.95711517334,45.3037757873535,28,"sherman"
"1276",-120.951393127441,45.3266944885254,28,"sherman"
"1277",-120.922744750977,45.3324203491211,28,"sherman"
"1278",-120.853981018066,45.4011764526367,28,"sherman"
"1279",-120.848258972168,45.4584693908691,28,"sherman"
"1280",-120.825332641602,45.4928512573242,28,"sherman"
"1281",-120.899826049805,45.5501441955566,28,"sherman"
"1282",-120.888366699219,45.5845222473145,28,"sherman"
"1283",-120.899826049805,45.6017112731934,28,"sherman"
"1284",-120.905548095703,45.6418151855469,28,"sherman"
"1285",-120.653450012207,45.7277603149414,28,"sherman"
"1287",-123.707321166992,45.0631294250488,29,"tillamook"
"1288",-123.707321166992,45.0344848632812,29,"tillamook"
"1289",-123.976608276367,45.0344848632812,29,"tillamook"
"1290",-123.970886230469,45.0688591003418,29,"tillamook"
"1291",-123.92504119873,45.1834526062012,29,"tillamook"
"1292",-123.936500549316,45.212100982666,29,"tillamook"
"1293",-123.913581848145,45.2980422973633,29,"tillamook"
"1294",-123.936500549316,45.3610687255859,29,"tillamook"
"1295",-123.896392822266,45.4183654785156,29,"tillamook"
"1296",-123.936500549316,45.4871215820312,29,"tillamook"
"1297",-123.913581848145,45.5043067932129,29,"tillamook"
"1298",-123.844825744629,45.475658416748,29,"tillamook"
"1299",-123.844825744629,45.5157661437988,29,"tillamook"
"1300",-123.902114868164,45.5902519226074,29,"tillamook"
"1301",-123.907852172852,45.6246299743652,29,"tillamook"
"1302",-123.88493347168,45.676197052002,29,"tillamook"
"1303",-123.919319152832,45.7392234802246,29,"tillamook"
"1304",-123.92504119873,45.7621383666992,29,"tillamook"
"1305",-123.707321166992,45.7678680419922,29,"tillamook"
"1306",-123.695861816406,45.7621383666992,29,"tillamook"
"1307",-123.466682434082,45.7621383666992,29,"tillamook"
"1308",-123.466682434082,45.7678680419922,29,"tillamook"
"1309",-123.34635925293,45.7678680419922,29,"tillamook"
"1310",-123.34635925293,45.6933860778809,29,"tillamook"
"1311",-123.478141784668,45.6933860778809,29,"tillamook"
"1312",-123.478141784668,45.676197052002,29,"tillamook"
"1313",-123.443756103516,45.6647338867188,29,"tillamook"
"1314",-123.357818603516,45.618896484375,29,"tillamook"
"1315",-123.323440551758,45.618896484375,29,"tillamook"
"1316",-123.323440551758,45.5902519226074,29,"tillamook"
"1317",-123.289054870605,45.6017112731934,29,"tillamook"
"1318",-123.289054870605,45.5845222473145,29,"tillamook"
"1319",-123.306251525879,45.5787925720215,29,"tillamook"
"1320",-123.300514221191,45.5673332214355,29,"tillamook"
"1321",-123.340621948242,45.5673332214355,29,"tillamook"
"1322",-123.340621948242,45.532958984375,29,"tillamook"
"1323",-123.38646697998,45.532958984375,29,"tillamook"
"1324",-123.409370422363,45.532958984375,29,"tillamook"
"1325",-123.415115356445,45.5100402832031,29,"tillamook"
"1326",-123.43229675293,45.5100402832031,29,"tillamook"
"1327",-123.426574707031,45.4871215820312,29,"tillamook"
"1328",-123.443756103516,45.475658416748,29,"tillamook"
"1329",-123.443756103516,45.4527397155762,29,"tillamook"
"1330",-123.466682434082,45.4355506896973,29,"tillamook"
"1331",-123.466682434082,45.4183654785156,29,"tillamook"
"1332",-123.449478149414,45.4183654785156,29,"tillamook"
"1333",-123.449478149414,45.2063674926758,29,"tillamook"
"1334",-123.758888244629,45.2006416320801,29,"tillamook"
"1335",-123.764610290527,45.0688591003418,29,"tillamook"
"1336",-123.707321166992,45.0631294250488,29,"tillamook"
"1338",-117.983474731445,45.9970512390137,30,"umatilla"
"1339",-117.977737426758,45.8652687072754,30,"umatilla"
"1340",-117.972007751465,45.8308944702148,30,"umatilla"
"1341",-118.04076385498,45.8251647949219,30,"umatilla"
"1342",-118.04076385498,45.7850570678711,30,"umatilla"
"1343",-118.063682556152,45.7735977172852,30,"umatilla"
"1344",-118.063682556152,45.6991119384766,30,"umatilla"
"1345",-118.120979309082,45.6991119384766,30,"umatilla"
"1346",-118.120979309082,45.475658416748,30,"umatilla"
"1347",-118.201194763184,45.4699325561523,30,"umatilla"
"1348",-118.195465087891,45.4298248291016,30,"umatilla"
"1349",-118.36735534668,45.4355506896973,30,"umatilla"
"1350",-118.401725769043,45.4412841796875,30,"umatilla"
"1351",-118.401725769043,45.4355506896973,30,"umatilla"
"1352",-118.430374145508,45.4355506896973,30,"umatilla"
"1353",-118.430374145508,45.3610687255859,30,"umatilla"
"1354",-118.61946105957,45.355339050293,30,"umatilla"
"1355",-118.613723754883,45.343879699707,30,"umatilla"
"1356",-118.69393157959,45.349609375,30,"umatilla"
"1357",-118.69393157959,45.2636680603027,30,"umatilla"
"1358",-118.653831481934,45.2579383850098,30,"umatilla"
"1359",-118.653831481934,45.2006416320801,30,"umatilla"
"1360",-118.544967651367,45.2006416320801,30,"umatilla"
"1361",-118.544967651367,45.0860481262207,30,"umatilla"
"1362",-118.510581970215,45.0860481262207,30,"umatilla"
"1363",-118.510581970215,45.0001029968262,30,"umatilla"
"1364",-119.15803527832,44.9943771362305,30,"umatilla"
"1365",-119.163757324219,45.0860481262207,30,"umatilla"
"1366",-119.14656829834,45.0917778015137,30,"umatilla"
"1367",-119.14656829834,45.5157661437988,30,"umatilla"
"1368",-119.24397277832,45.5214958190918,30,"umatilla"
"1369",-119.24397277832,45.6017112731934,30,"umatilla"
"1370",-119.421592712402,45.6017112731934,30,"umatilla"
"1371",-119.427322387695,45.9111061096191,30,"umatilla"
"1372",-119.387214660645,45.9168395996094,30,"umatilla"
"1373",-119.318458557129,45.934024810791,30,"umatilla"
"1374",-119.249710083008,45.928295135498,30,"umatilla"
"1375",-119.175216674805,45.9225692749023,30,"umatilla"
"1376",-119.066360473633,45.9626770019531,30,"umatilla"
"1377",-119.003326416016,45.9913215637207,30,"umatilla"
"1378",-118.957496643066,45.9970512390137,30,"umatilla"
"1379",-117.994934082031,46.0085105895996,30,"umatilla"
"1380",-117.983474731445,45.9970512390137,30,"umatilla"
"1382",-117.255813598633,45.0917778015137,31,"union"
"1383",-117.553756713867,45.0860481262207,31,"union"
"1384",-117.559478759766,45.0001029968262,31,"union"
"1385",-117.771476745605,45.0058326721191,31,"union"
"1386",-117.874610900879,45.0860481262207,31,"union"
"1387",-117.903259277344,45.040210723877,31,"union"
"1388",-117.95482635498,45.0115661621094,31,"union"
"1389",-118.017845153809,45.0058326721191,31,"union"
"1390",-118.098052978516,45.0516700744629,31,"union"
"1391",-118.143898010254,45.0516700744629,31,"union"
"1392",-118.206932067871,45.0115661621094,31,"union"
"1393",-118.24129486084,44.9886474609375,31,"union"
"1394",-118.247032165527,44.9542694091797,31,"union"
"1395",-118.304328918457,44.9714584350586,31,"union"
"1396",-118.350158691406,44.9886474609375,31,"union"
"1397",-118.424644470215,44.9714584350586,31,"union"
"1398",-118.481941223145,45.0001029968262,31,"union"
"1399",-118.510581970215,45.0001029968262,31,"union"
"1400",-118.510581970215,45.0860481262207,31,"union"
"1401",-118.544967651367,45.0860481262207,31,"union"
"1402",-118.544967651367,45.2006416320801,31,"union"
"1403",-118.653831481934,45.2006416320801,31,"union"
"1404",-118.653831481934,45.2579383850098,31,"union"
"1405",-118.69393157959,45.2636680603027,31,"union"
"1406",-118.69393157959,45.349609375,31,"union"
"1407",-118.613723754883,45.343879699707,31,"union"
"1408",-118.61946105957,45.355339050293,31,"union"
"1409",-118.430374145508,45.3610687255859,31,"union"
"1410",-118.430374145508,45.4355506896973,31,"union"
"1411",-118.401725769043,45.4355506896973,31,"union"
"1412",-118.401725769043,45.4412841796875,31,"union"
"1413",-118.36735534668,45.4355506896973,31,"union"
"1414",-118.195465087891,45.4298248291016,31,"union"
"1415",-118.201194763184,45.4699325561523,31,"union"
"1416",-118.120979309082,45.475658416748,31,"union"
"1417",-118.120979309082,45.6991119384766,31,"union"
"1418",-118.063682556152,45.6991119384766,31,"union"
"1419",-118.063682556152,45.7735977172852,31,"union"
"1420",-118.04076385498,45.7850570678711,31,"union"
"1421",-118.04076385498,45.8251647949219,31,"union"
"1422",-117.972007751465,45.8308944702148,31,"union"
"1423",-117.977737426758,45.8652687072754,31,"union"
"1424",-117.742828369141,45.8652687072754,31,"union"
"1425",-117.742828369141,45.7850570678711,31,"union"
"1426",-117.782936096191,45.7850570678711,31,"union"
"1427",-117.782936096191,45.6991119384766,31,"union"
"1428",-117.76001739502,45.6991119384766,31,"union"
"1429",-117.76001739502,45.670467376709,31,"union"
"1430",-117.742828369141,45.670467376709,31,"union"
"1431",-117.737091064453,45.6303596496582,31,"union"
"1432",-117.71418762207,45.6246299743652,31,"union"
"1433",-117.71418762207,45.532958984375,31,"union"
"1434",-117.679801940918,45.5272254943848,31,"union"
"1435",-117.67407989502,45.4470138549805,31,"union"
"1436",-117.656883239746,45.4412841796875,31,"union"
"1437",-117.651153564453,45.3839874267578,31,"union"
"1438",-117.639694213867,45.3782577514648,31,"union"
"1439",-117.628234863281,45.349609375,31,"union"
"1440",-117.582405090332,45.343879699707,31,"union"
"1441",-117.519371032715,45.2693939208984,31,"union"
"1442",-117.519371032715,45.223560333252,31,"union"
"1443",-117.473533630371,45.223560333252,31,"union"
"1444",-117.473533630371,45.1777229309082,31,"union"
"1445",-117.26155090332,45.1777229309082,31,"union"
"1446",-117.255813598633,45.0917778015137,31,"union"
"1448",-116.774528503418,45.0860481262207,32,"wallowa"
"1449",-117.255813598633,45.0917778015137,32,"wallowa"
"1450",-117.26155090332,45.1777229309082,32,"wallowa"
"1451",-117.473533630371,45.1777229309082,32,"wallowa"
"1452",-117.473533630371,45.223560333252,32,"wallowa"
"1453",-117.519371032715,45.223560333252,32,"wallowa"
"1454",-117.519371032715,45.2693939208984,32,"wallowa"
"1455",-117.582405090332,45.343879699707,32,"wallowa"
"1456",-117.628234863281,45.349609375,32,"wallowa"
"1457",-117.639694213867,45.3782577514648,32,"wallowa"
"1458",-117.651153564453,45.3839874267578,32,"wallowa"
"1459",-117.656883239746,45.4412841796875,32,"wallowa"
"1460",-117.67407989502,45.4470138549805,32,"wallowa"
"1461",-117.679801940918,45.5272254943848,32,"wallowa"
"1462",-117.71418762207,45.532958984375,32,"wallowa"
"1463",-117.71418762207,45.6246299743652,32,"wallowa"
"1464",-117.737091064453,45.6303596496582,32,"wallowa"
"1465",-117.742828369141,45.670467376709,32,"wallowa"
"1466",-117.76001739502,45.670467376709,32,"wallowa"
"1467",-117.76001739502,45.6991119384766,32,"wallowa"
"1468",-117.782936096191,45.6991119384766,32,"wallowa"
"1469",-117.782936096191,45.7850570678711,32,"wallowa"
"1470",-117.742828369141,45.7850570678711,32,"wallowa"
"1471",-117.742828369141,45.8652687072754,32,"wallowa"
"1472",-117.977737426758,45.8652687072754,32,"wallowa"
"1473",-117.983474731445,45.9970512390137,32,"wallowa"
"1474",-117.616775512695,46.0085105895996,32,"wallowa"
"1475",-117.473533630371,46.0085105895996,32,"wallowa"
"1476",-116.929229736328,45.9970512390137,32,"wallowa"
"1477",-116.89485168457,45.9684028625488,32,"wallowa"
"1478",-116.843284606934,45.9168395996094,32,"wallowa"
"1479",-116.80891418457,45.8824615478516,32,"wallowa"
"1480",-116.774528503418,45.8538131713867,32,"wallowa"
"1481",-116.745880126953,45.807975769043,32,"wallowa"
"1482",-116.700035095215,45.8366241455078,32,"wallowa"
"1483",-116.654205322266,45.796516418457,32,"wallowa"
"1484",-116.579719543457,45.7850570678711,32,"wallowa"
"1485",-116.545349121094,45.7621383666992,32,"wallowa"
"1486",-116.522422790527,45.6991119384766,32,"wallowa"
"1487",-116.470855712891,45.6475486755371,32,"wallowa"
"1488",-116.465133666992,45.6131706237793,32,"wallowa"
"1489",-116.545349121094,45.5043067932129,32,"wallowa"
"1490",-116.55680847168,45.4642028808594,32,"wallowa"
"1491",-116.665672302246,45.3152313232422,32,"wallowa"
"1492",-116.671394348145,45.2693939208984,32,"wallowa"
"1493",-116.68285369873,45.2350196838379,32,"wallowa"
"1494",-116.717239379883,45.1719932556152,32,"wallowa"
"1495",-116.745880126953,45.1146965026855,32,"wallowa"
"1496",-116.774528503418,45.0860481262207,32,"wallowa"
"1498",-120.510215759277,45.080322265625,33,"wasco"
"1499",-120.493019104004,45.0631294250488,33,"wasco"
"1500",-120.47583770752,45.0459403991699,33,"wasco"
"1501",-120.47583770752,45.028751373291,33,"wasco"
"1502",-120.47583770752,44.9657287597656,33,"wasco"
"1503",-120.464370727539,44.9370803833008,33,"wasco"
"1504",-120.464370727539,44.9141616821289,33,"wasco"
"1505",-120.43000793457,44.8855133056641,33,"wasco"
"1506",-120.441452026367,44.8740577697754,33,"wasco"
"1507",-120.41854095459,44.8683242797852,33,"wasco"
"1508",-120.407081604004,44.8339500427246,33,"wasco"
"1509",-120.378433227539,44.8167572021484,33,"wasco"
"1510",-121.753532409668,44.8224868774414,33,"wasco"
"1511",-121.730606079102,44.8511390686035,33,"wasco"
"1512",-121.742073059082,44.8683242797852,33,"wasco"
"1513",-121.696243286133,44.891242980957,33,"wasco"
"1514",-121.77645111084,44.9428100585938,33,"wasco"
"1515",-121.77645111084,44.9886474609375,33,"wasco"
"1516",-121.793640136719,45.0115661621094,33,"wasco"
"1517",-121.77645111084,45.0344848632812,33,"wasco"
"1518",-121.724884033203,45.0344848632812,33,"wasco"
"1519",-121.701965332031,45.0574035644531,33,"wasco"
"1520",-121.66185760498,45.0631294250488,33,"wasco"
"1521",-121.650398254395,45.0860481262207,33,"wasco"
"1522",-121.656135559082,45.1146965026855,33,"wasco"
"1523",-121.696243286133,45.1261558532715,33,"wasco"
"1524",-121.701965332031,45.1548042297363,33,"wasco"
"1525",-121.730606079102,45.1605339050293,33,"wasco"
"1526",-121.742073059082,45.1834526062012,33,"wasco"
"1527",-121.656135559082,45.2350196838379,33,"wasco"
"1528",-121.673316955566,45.2464752197266,33,"wasco"
"1529",-121.472785949707,45.2464752197266,33,"wasco"
"1530",-121.472785949707,45.5100402832031,33,"wasco"
"1531",-121.426940917969,45.5157661437988,33,"wasco"
"1532",-121.426940917969,45.6933860778809,33,"wasco"
"1533",-121.369644165039,45.6933860778809,33,"wasco"
"1534",-121.32381439209,45.6876525878906,33,"wasco"
"1535",-121.266510009766,45.670467376709,33,"wasco"
"1536",-121.20922088623,45.6475486755371,33,"wasco"
"1537",-121.163391113281,45.6017112731934,33,"wasco"
"1538",-121.129005432129,45.6074409484863,33,"wasco"
"1539",-121.05451965332,45.6475486755371,33,"wasco"
"1540",-120.962852478027,45.6418151855469,33,"wasco"
"1541",-120.905548095703,45.6418151855469,33,"wasco"
"1542",-120.899826049805,45.6017112731934,33,"wasco"
"1543",-120.888366699219,45.5845222473145,33,"wasco"
"1544",-120.899826049805,45.5501441955566,33,"wasco"
"1545",-120.825332641602,45.4928512573242,33,"wasco"
"1546",-120.848258972168,45.4584693908691,33,"wasco"
"1547",-120.853981018066,45.4011764526367,33,"wasco"
"1548",-120.922744750977,45.3324203491211,33,"wasco"
"1549",-120.951393127441,45.3266944885254,33,"wasco"
"1550",-120.95711517334,45.3037757873535,33,"wasco"
"1551",-120.985763549805,45.3152313232422,33,"wasco"
"1552",-121.020149230957,45.3037757873535,33,"wasco"
"1553",-121.008682250977,45.2407493591309,33,"wasco"
"1554",-120.985763549805,45.2006416320801,33,"wasco"
"1555",-120.934196472168,45.1891822814941,33,"wasco"
"1556",-120.87117767334,45.1891822814941,33,"wasco"
"1557",-120.813873291016,45.1719932556152,33,"wasco"
"1558",-120.790969848633,45.1261558532715,33,"wasco"
"1559",-120.785232543945,45.0745887756348,33,"wasco"
"1560",-120.510215759277,45.080322265625,33,"wasco"
"1562",-123.449478149414,45.4183654785156,34,"washington"
"1563",-123.466682434082,45.4183654785156,34,"washington"
"1564",-123.466682434082,45.4355506896973,34,"washington"
"1565",-123.443756103516,45.4527397155762,34,"washington"
"1566",-123.443756103516,45.475658416748,34,"washington"
"1567",-123.426574707031,45.4871215820312,34,"washington"
"1568",-123.43229675293,45.5100402832031,34,"washington"
"1569",-123.415115356445,45.5100402832031,34,"washington"
"1570",-123.409370422363,45.532958984375,34,"washington"
"1571",-123.38646697998,45.532958984375,34,"washington"
"1572",-123.340621948242,45.532958984375,34,"washington"
"1573",-123.340621948242,45.5673332214355,34,"washington"
"1574",-123.300514221191,45.5673332214355,34,"washington"
"1575",-123.306251525879,45.5787925720215,34,"washington"
"1576",-123.289054870605,45.5845222473145,34,"washington"
"1577",-123.289054870605,45.6017112731934,34,"washington"
"1578",-123.323440551758,45.5902519226074,34,"washington"
"1579",-123.323440551758,45.618896484375,34,"washington"
"1580",-123.357818603516,45.618896484375,34,"washington"
"1581",-123.443756103516,45.6647338867188,34,"washington"
"1582",-123.478141784668,45.676197052002,34,"washington"
"1583",-123.478141784668,45.6933860778809,34,"washington"
"1584",-123.34635925293,45.6933860778809,34,"washington"
"1585",-123.34635925293,45.7678680419922,34,"washington"
"1586",-123.025505065918,45.7678680419922,34,"washington"
"1587",-123.01976776123,45.7392234802246,34,"washington"
"1588",-122.973937988281,45.7334899902344,34,"washington"
"1589",-122.968200683594,45.7277603149414,34,"washington"
"1590",-122.910903930664,45.7277603149414,34,"washington"
"1591",-122.910903930664,45.7048416137695,34,"washington"
"1592",-122.910903930664,45.6360893249512,34,"washington"
"1593",-122.73902130127,45.5100402832031,34,"washington"
"1594",-122.733291625977,45.4183654785156,34,"washington"
"1595",-122.733291625977,45.3266944885254,34,"washington"
"1596",-122.790588378906,45.3266944885254,34,"washington"
"1597",-122.796310424805,45.343879699707,34,"washington"
"1598",-122.842155456543,45.3381500244141,34,"washington"
"1599",-122.836418151855,45.3037757873535,34,"washington"
"1600",-122.853614807129,45.3037757873535,34,"washington"
"1601",-122.887985229492,45.3037757873535,34,"washington"
"1602",-122.887985229492,45.3381500244141,34,"washington"
"1603",-122.956741333008,45.343879699707,34,"washington"
"1604",-123.025505065918,45.3954467773438,34,"washington"
"1605",-123.094253540039,45.4011764526367,34,"washington"
"1606",-123.111442565918,45.4126319885254,34,"washington"
"1607",-123.157272338867,45.4183654785156,34,"washington"
"1608",-123.34635925293,45.4183654785156,34,"washington"
"1609",-123.449478149414,45.4183654785156,34,"washington"
"1611",-120.372695922852,44.5531959533691,35,"wheeler"
"1612",-120.378433227539,44.7537307739258,35,"wheeler"
"1613",-120.38990020752,44.7823829650879,35,"wheeler"
"1614",-120.355514526367,44.7938385009766,35,"wheeler"
"1615",-120.378433227539,44.8167572021484,35,"wheeler"
"1616",-120.407081604004,44.8339500427246,35,"wheeler"
"1617",-120.41854095459,44.8683242797852,35,"wheeler"
"1618",-120.441452026367,44.8740577697754,35,"wheeler"
"1619",-120.43000793457,44.8855133056641,35,"wheeler"
"1620",-120.464370727539,44.9141616821289,35,"wheeler"
"1621",-120.464370727539,44.9370803833008,35,"wheeler"
"1622",-120.47583770752,44.9657287597656,35,"wheeler"
"1623",-120.47583770752,45.028751373291,35,"wheeler"
"1624",-120.47583770752,45.0459403991699,35,"wheeler"
"1625",-120.493019104004,45.0631294250488,35,"wheeler"
"1626",-119.776832580566,45.0688591003418,35,"wheeler"
"1627",-119.776832580566,44.9943771362305,35,"wheeler"
"1628",-119.667961120605,44.9943771362305,35,"wheeler"
"1629",-119.667961120605,44.9485397338867,35,"wheeler"
"1630",-119.667961120605,44.8339500427246,35,"wheeler"
"1631",-119.645050048828,44.8282203674316,35,"wheeler"
"1632",-119.645050048828,44.438606262207,35,"wheeler"
"1633",-119.650772094727,44.2953681945801,35,"wheeler"
"1634",-119.874229431152,44.3010940551758,35,"wheeler"
"1635",-119.879959106445,44.3813133239746,35,"wheeler"
"1636",-120.006011962891,44.3813133239746,35,"wheeler"
"1637",-120.006011962891,44.4328765869141,35,"wheeler"
"1638",-120.372695922852,44.4328765869141,35,"wheeler"
"1639",-120.372695922852,44.5531959533691,35,"wheeler"
"1641",-123.707321166992,45.0631294250488,36,"yamhill"
"1642",-123.764610290527,45.0688591003418,36,"yamhill"
"1643",-123.758888244629,45.2006416320801,36,"yamhill"
"1644",-123.449478149414,45.2063674926758,36,"yamhill"
"1645",-123.449478149414,45.4183654785156,36,"yamhill"
"1646",-123.34635925293,45.4183654785156,36,"yamhill"
"1647",-123.157272338867,45.4183654785156,36,"yamhill"
"1648",-123.111442565918,45.4126319885254,36,"yamhill"
"1649",-123.094253540039,45.4011764526367,36,"yamhill"
"1650",-123.025505065918,45.3954467773438,36,"yamhill"
"1651",-122.956741333008,45.343879699707,36,"yamhill"
"1652",-122.887985229492,45.3381500244141,36,"yamhill"
"1653",-122.887985229492,45.3037757873535,36,"yamhill"
"1654",-122.853614807129,45.3037757873535,36,"yamhill"
"1655",-122.847877502441,45.2579383850098,36,"yamhill"
"1656",-122.870803833008,45.2464752197266,36,"yamhill"
"1657",-122.956741333008,45.2751235961914,36,"yamhill"
"1658",-123.002578735352,45.2464752197266,36,"yamhill"
"1659",-122.996841430664,45.223560333252,36,"yamhill"
"1660",-123.031227111816,45.2063674926758,36,"yamhill"
"1661",-122.996841430664,45.1605339050293,36,"yamhill"
"1662",-123.008308410645,45.1433448791504,36,"yamhill"
"1663",-122.996841430664,45.1261558532715,36,"yamhill"
"1664",-122.996841430664,45.1089668273926,36,"yamhill"
"1665",-123.025505065918,45.1089668273926,36,"yamhill"
"1666",-123.031227111816,45.0860481262207,36,"yamhill"
"1667",-123.054153442383,45.0631294250488,36,"yamhill"
"1668",-123.707321166992,45.0631294250488,36,"yamhill"
